transaction_id,user_id,account_number,transaction_date,transaction_type,amount,currency,category,description,balance_after,reference_number,branch_code,channel
4B84CB26,4,GB51CITI43028554568398,2024-01-01 04:57:46,CREDIT,4288.81,GBP,BONUS,Bonus,92982.53,REF187525772,BR472,PHONE
06F95E32,3,DE13870962145025555422,2024-01-06 01:31:00,CREDIT,956.41,EUR,DIVIDEND,Dividend,90904.78,REF820055711,BR719,PHONE
5D796FDE,1,DE59795655681688929171,2024-01-01 22:39:36,DEBIT,2019.25,EUR,LOAN_PAYMENT,Loan Payment,77366.02,REF797227144,BR155,ONLINE
0223D44A,1,DE25202102007876909711,2024-01-02 12:58:39,CREDIT,586.85,EUR,GIFT,Gift,29811.67,REF420005808,BR811,BRANCH
EB0FD515,4,DE08870000009130446806,2024-01-07 14:21:46,CREDIT,10862.05,EUR,INTEREST,INTEREST CREDIT,68757.52,REF537436906,BR362,PHONE
620B23C7,1,DE59795655681688929171,2024-01-06 02:51:51,CREDIT,13753.56,EUR,REFUND,Refund,62009.92,REF913771730,BR261,MOBILE
B0D8FE5D,3,DE06546700950979859803,2024-01-03 00:10:34,DEBIT,3855.54,EUR,FUEL,Fuel,23664.06,REF999313436,BR206,MOBILE
96ED1D76,3,GB84CPBK83157663644901,2024-01-08 01:38:14,CREDIT,865.55,GBP,TRANSFER_IN,TRANSFER FROM ACCOUNT ***4462,47049.81,REF943119213,BR810,ATM
F70F7F00,1,DE79741514506827135679,2024-01-05 06:24:01,DEBIT,2785.74,EUR,UTILITIES,Utilities,86394.66,REF123454304,BR878,ONLINE
0C573DE6,1,DE25202102007876909711,2024-01-06 07:00:20,CREDIT,6566.14,EUR,GIFT,Gift,8670.83,REF603614420,BR410,BRANCH
A8E445CC,3,DE06546700950979859803,2024-01-03 03:35:25,DEBIT,11668.97,EUR,SUBSCRIPTION,Subscription,60888.85,REF155396717,BR892,ONLINE
1399B45C,2,FR471450594397YBLERHKUZ7Y02,2024-01-09 18:56:50,CREDIT,1893.98,EUR,REFUND,Refund,80367.54,REF976049719,BR349,BRANCH
8F30F561,3,GB84CPBK83157663644901,2024-01-03 07:16:25,DEBIT,12715.95,GBP,RENT,Rent,63989.04,REF111029006,BR555,MOBILE
C965F725,4,GB51CITI43028554568398,2024-01-09 00:09:13,DEBIT,29879.57,GBP,MEDICAL,Medical,11431.35,REF448985480,BR706,ONLINE
991487CB,4,DE08870000009130446806,2024-01-03 16:07:54,CREDIT,115.26,EUR,BONUS,Bonus,940.94,REF191521679,BR567,ONLINE
E7F89A38,1,DE59795655681688929171,2024-01-08 09:03:44,CREDIT,13448.03,EUR,REFUND,Refund,76995.17,REF497525236,BR764,ONLINE
3B886F53,3,GB84CPBK83157663644901,2024-01-10 22:53:31,DEBIT,20970.4,GBP,PURCHASE,Lyft - PURCHASE,33631.82,REF831925107,BR662,ONLINE
B16D70DD,1,DE79741514506827135679,2024-01-01 17:53:42,CREDIT,5781.29,EUR,FREELANCE,Freelance,16062.41,REF450881834,BR370,ONLINE
C1B3C9E3,1,DE59795655681688929171,2024-01-01 13:37:41,CREDIT,873.57,EUR,BONUS,Bonus,30490.61,REF848770678,BR691,PHONE
B5BADC86,3,GB84CPBK83157663644901,2024-01-04 05:35:48,CREDIT,34736.7,GBP,INTEREST,INTEREST CREDIT,77541.02,REF154240237,BR402,BRANCH
A5E38BB2,4,DE08870000009130446806,2024-01-07 23:17:23,DEBIT,4110.23,EUR,UTILITIES,Utilities,97924.68,REF122433679,BR292,ONLINE
2C96C870,4,GB51CITI43028554568398,2024-01-09 07:35:47,CREDIT,2159.81,GBP,DEPOSIT,Deposit,24856.94,REF362103655,BR705,PHONE
D1DA1137,1,DE59795655681688929171,2024-01-06 01:10:04,CREDIT,3632.86,EUR,BONUS,Bonus,2605.18,REF719016926,BR159,BRANCH
CE720A75,1,DE25202102007876909711,2024-01-03 11:22:43,DEBIT,3122.82,EUR,GROCERY,Grocery,18838.82,REF587634391,BR488,ATM
3C45F478,4,DE08870000009130446806,2024-01-05 02:15:38,DEBIT,2068.95,EUR,BILL_PAYMENT,Bill Payment,1144.56,REF932665784,BR450,ONLINE
D92BAE86,4,GB51CITI43028554568398,2024-01-01 05:09:26,DEBIT,1975.49,GBP,GROCERY,Grocery,61182.09,REF795076134,BR860,MOBILE
D3D40DD0,1,FR221450592469WBR7LN4EXX269,2024-01-10 13:05:08,DEBIT,21407.18,EUR,INSURANCE,Insurance,85337.91,REF564423978,BR469,MOBILE
D12E8660,3,GB84CPBK83157663644901,2024-01-07 20:58:33,CREDIT,3292.19,GBP,SALARY,SALARY DEPOSIT - COMPANY C,49311.79,REF664290337,BR545,ONLINE
91A2C396,4,DE08870000009130446806,2024-01-08 07:16:01,DEBIT,6623.29,EUR,MEDICAL,Medical,67175.31,REF443818309,BR764,PHONE
BEE7CEC5,4,DE08870000009130446806,2024-01-06 04:34:05,DEBIT,898.36,EUR,PURCHASE,Starbucks - PURCHASE,68720.65,REF761026548,BR580,ATM
4783D701,1,DE59795655681688929171,2024-01-06 01:22:01,CREDIT,26224.8,EUR,INVESTMENT_RETURN,Investment Return,66355.59,REF146625413,BR668,MOBILE
0AD73675,3,DE06546700950979859803,2024-01-08 13:28:52,CREDIT,7294.48,EUR,INTEREST,INTEREST CREDIT,98520.29,REF479759106,BR882,ONLINE
4914BCBE,2,FR471450594397YBLERHKUZ7Y02,2024-01-04 01:01:00,CREDIT,25037.43,EUR,REFUND,Refund,91308.82,REF860637009,BR750,ATM
D72D1C58,1,DE59795655681688929171,2024-01-10 19:03:07,DEBIT,5079.07,EUR,INSURANCE,Insurance,86888.69,REF479830245,BR709,ONLINE
52B75F6A,3,GB84CPBK83157663644901,2024-01-04 15:22:11,DEBIT,7025.37,GBP,ATM_WITHDRAWAL,ATM WITHDRAWAL - MALL,75088.42,REF232362134,BR172,ONLINE
6A0BD007,3,GB84CPBK83157663644901,2024-01-07 12:42:08,CREDIT,1827.4,GBP,GIFT,Gift,55984.01,REF512106553,BR660,ATM
798B00A1,1,DE25202102007876909711,2024-01-04 14:30:01,CREDIT,26063.81,EUR,FREELANCE,Freelance,94115.46,REF562763885,BR620,BRANCH
2F528AD7,3,DE13870962145025555422,2024-01-01 21:00:00,CREDIT,7428.07,EUR,FREELANCE,Freelance,18019.3,REF516679715,BR461,MOBILE
43FC68F8,1,DE59795655681688929171,2024-01-03 19:14:21,CREDIT,10696.59,EUR,TRANSFER_IN,TRANSFER FROM ACCOUNT ***7010,83532.7,REF512902289,BR910,ATM
FA21A96F,1,DE79741514506827135679,2024-01-07 22:08:51,CREDIT,11171.12,EUR,TRANSFER_IN,TRANSFER FROM ACCOUNT ***9851,72789.36,REF483975201,BR446,BRANCH
41D975B0,1,FR221450592469WBR7LN4EXX269,2024-01-09 13:26:21,DEBIT,2551.53,EUR,INSURANCE,Insurance,77384.04,REF834046294,BR745,BRANCH
78C5C13B,1,DE25202102007876909711,2024-01-10 07:36:30,DEBIT,3936.23,EUR,RENT,Rent,24434.82,REF980750954,BR900,ONLINE
B2B0A264,2,FR471450594397YBLERHKUZ7Y02,2024-01-08 01:48:02,CREDIT,3392.99,EUR,TRANSFER_IN,TRANSFER FROM ACCOUNT ***7852,86955.5,REF385361073,BR995,ONLINE
6C762CE4,1,DE25202102007876909711,2024-01-09 18:24:43,DEBIT,10913.1,EUR,INSURANCE,Insurance,88118.35,REF934237464,BR456,MOBILE
7431A63E,1,DE79741514506827135679,2024-01-03 18:50:42,DEBIT,7698.88,EUR,UTILITIES,Utilities,10616.22,REF859009541,BR189,ONLINE
58DC1CDB,3,DE06546700950979859803,2024-01-10 12:21:37,CREDIT,7442.52,EUR,REFUND,Refund,89432.19,REF372223933,BR362,ATM
6366D55B,4,GB51CITI43028554568398,2024-01-10 06:24:56,DEBIT,7576.3,GBP,PURCHASE,Microsoft - PURCHASE,67110.71,REF894272335,BR212,PHONE
089B5005,1,DE25202102007876909711,2024-01-10 06:38:41,DEBIT,33876.14,EUR,GROCERY,Grocery,94289.7,REF152256377,BR515,ATM
0714597A,2,FR471450594397YBLERHKUZ7Y02,2024-01-07 13:52:11,DEBIT,1735.52,EUR,GROCERY,Grocery,24657.27,REF376922083,BR988,ONLINE
639A39F5,4,GB51CITI43028554568398,2024-01-05 08:19:59,DEBIT,2505.69,GBP,ATM_WITHDRAWAL,ATM WITHDRAWAL - MALL,90435.43,REF706377363,BR788,ONLINE
897DCBB3,1,DE79741514506827135679,2024-01-01 06:05:49,DEBIT,41211.44,EUR,ATM_WITHDRAWAL,ATM WITHDRAWAL - STREET,43204.18,REF369101152,BR770,ONLINE
07DBF0B4,3,GB84CPBK83157663644901,2024-01-01 19:50:24,DEBIT,8309.04,GBP,TRANSFER_OUT,TRANSFER TO ACCOUNT ***5568,5179.92,REF848092499,BR172,BRANCH
A072AFDB,3,DE13870962145025555422,2024-01-09 08:53:31,CREDIT,44609.93,EUR,INTEREST,INTEREST CREDIT,38573.13,REF350908448,BR100,ONLINE
9D8CB3FA,4,DE08870000009130446806,2024-01-02 14:48:27,DEBIT,1131.94,EUR,LOAN_PAYMENT,Loan Payment,66652.59,REF536985426,BR458,BRANCH
2B4D5070,4,GB51CITI43028554568398,2024-01-09 14:29:41,DEBIT,8339.18,GBP,UTILITIES,Utilities,41135.23,REF953557519,BR833,MOBILE
FB020072,3,GB84CPBK83157663644901,2024-01-08 17:00:06,DEBIT,3586.22,GBP,PURCHASE,Visa - PURCHASE,6483.68,REF755285248,BR718,BRANCH
0615A7EF,3,DE13870962145025555422,2024-01-04 19:55:48,DEBIT,83.41,EUR,GROCERY,Grocery,97039.37,REF822735110,BR680,ONLINE
56141387,4,GB51CITI43028554568398,2024-01-03 07:00:33,CREDIT,7605.31,GBP,REFUND,Refund,69748.4,REF129316702,BR843,BRANCH
DC25ED32,3,GB84CPBK83157663644901,2024-01-07 15:08:06,CREDIT,2272.08,GBP,REFUND,Refund,40447.64,REF518803531,BR448,BRANCH
5A99385A,3,DE13870962145025555422,2024-01-08 03:16:54,CREDIT,39861.24,EUR,FREELANCE,Freelance,9968.98,REF298025225,BR579,MOBILE
AF5E260A,1,FR221450592469WBR7LN4EXX269,2024-01-09 08:17:54,CREDIT,506.1,EUR,REFUND,Refund,74934.98,REF667255797,BR565,ONLINE
A66A10AD,1,DE79741514506827135679,2024-01-01 21:48:34,CREDIT,6767.89,EUR,FREELANCE,Freelance,74262.49,REF672483140,BR553,BRANCH
BB527BF8,3,DE13870962145025555422,2024-01-01 09:43:34,DEBIT,22049.24,EUR,PURCHASE,Uber - PURCHASE,34951.18,REF108878525,BR375,PHONE
AD547B48,3,GB84CPBK83157663644901,2024-01-06 13:02:47,CREDIT,1192.93,GBP,SALARY,SALARY DEPOSIT - COMPANY A,76879.29,REF928440906,BR102,PHONE
44B57D71,1,DE59795655681688929171,2024-01-07 15:39:54,CREDIT,3296.27,EUR,SALARY,SALARY DEPOSIT - COMPANY B,28394.87,REF322215917,BR968,PHONE
543906A9,1,DE59795655681688929171,2024-01-10 08:41:07,DEBIT,2255.49,EUR,GROCERY,Grocery,68671.71,REF390039974,BR489,BRANCH
A258F163,3,DE06546700950979859803,2024-01-06 02:04:31,CREDIT,8378.45,EUR,TRANSFER_IN,TRANSFER FROM ACCOUNT ***5874,87392.48,REF346554740,BR790,MOBILE
BFB8C8FD,3,DE13870962145025555422,2024-01-03 23:39:30,DEBIT,1641.3,EUR,TRANSFER_OUT,TRANSFER TO ACCOUNT ***1075,41566.65,REF219094653,BR919,ATM
51FAEE9B,3,DE13870962145025555422,2024-01-01 22:12:41,DEBIT,29220.25,EUR,ONLINE_PURCHASE,Target - ONLINE_PURCHASE,32297.06,REF587737845,BR826,BRANCH
FE3B0FCE,2,FR471450594397YBLERHKUZ7Y02,2024-01-01 01:39:34,CREDIT,3216.02,EUR,SALARY,SALARY DEPOSIT - COMPANY C,62648.77,REF153761559,BR342,ONLINE
22D09177,2,FR471450594397YBLERHKUZ7Y02,2024-01-08 04:56:07,CREDIT,2286.17,EUR,TRANSFER_IN,TRANSFER FROM ACCOUNT ***1806,50880.59,REF633103104,BR626,ATM
CFF32A70,1,DE59795655681688929171,2024-01-09 14:19:25,CREDIT,14749.43,EUR,DIVIDEND,Dividend,95360.65,REF965298754,BR112,ONLINE
B443540F,3,GB84CPBK83157663644901,2024-01-06 07:27:40,CREDIT,9716.02,GBP,BONUS,Bonus,32782.43,REF299474063,BR834,BRANCH
2AFC4F93,4,GB51CITI43028554568398,2024-01-07 23:18:36,DEBIT,18727.62,GBP,BILL_PAYMENT,Bill Payment,40620.57,REF633471447,BR506,ATM
C85823D4,4,GB51CITI43028554568398,2024-01-06 11:55:40,CREDIT,1726.04,GBP,DIVIDEND,Dividend,51581.79,REF401436039,BR440,MOBILE
014F67FE,3,DE06546700950979859803,2024-01-06 14:00:32,CREDIT,940.79,EUR,INVESTMENT_RETURN,Investment Return,35913.64,REF697688872,BR973,ONLINE
5A20FD34,1,DE25202102007876909711,2024-01-06 22:32:34,DEBIT,1038.06,EUR,TRANSFER_OUT,TRANSFER TO ACCOUNT ***8673,49681.08,REF443431035,BR629,ATM
8EAAE821,4,GB51CITI43028554568398,2024-01-08 05:18:29,DEBIT,14687.12,GBP,SUBSCRIPTION,Subscription,68253.71,REF391608617,BR101,PHONE
50ECFAC5,1,DE79741514506827135679,2024-01-08 21:52:34,DEBIT,3468.54,EUR,RENT,Rent,84874.31,REF671892998,BR720,MOBILE
94AAF024,2,FR471450594397YBLERHKUZ7Y02,2024-01-09 02:59:14,CREDIT,127.7,EUR,FREELANCE,Freelance,89872.26,REF799392288,BR824,PHONE
FF53BA42,1,DE79741514506827135679,2024-01-01 12:07:56,DEBIT,5599.06,EUR,SUBSCRIPTION,Subscription,2632.06,REF164970039,BR399,MOBILE
AE15C00F,1,DE25202102007876909711,2024-01-04 05:01:27,CREDIT,467.92,EUR,TRANSFER_IN,TRANSFER FROM ACCOUNT ***4357,51659.27,REF128656791,BR915,BRANCH
A4F73E8B,1,FR221450592469WBR7LN4EXX269,2024-01-07 15:30:55,DEBIT,26809.67,EUR,PURCHASE,Airbnb - PURCHASE,64028.34,REF246268312,BR607,PHONE
A15A457E,1,DE25202102007876909711,2024-01-01 14:45:47,CREDIT,13349.65,EUR,DIVIDEND,Dividend,78590.47,REF331311257,BR354,BRANCH
4ED01FAE,1,DE59795655681688929171,2024-01-06 07:03:44,DEBIT,3470.45,EUR,MEDICAL,Medical,23722.3,REF261515550,BR596,MOBILE
14AD1391,4,GB51CITI43028554568398,2024-01-07 09:12:44,CREDIT,32402.83,GBP,TRANSFER_IN,TRANSFER FROM ACCOUNT ***8179,45007.91,REF153427133,BR667,ATM
1A3526C7,1,FR221450592469WBR7LN4EXX269,2024-01-06 09:27:33,CREDIT,2440.71,EUR,BONUS,Bonus,17002.76,REF403742472,BR889,BRANCH
A9FFA298,3,GB84CPBK83157663644901,2024-01-04 17:16:20,DEBIT,2680.28,GBP,FUEL,Fuel,28450.3,REF179260837,BR543,MOBILE
289E7261,1,DE25202102007876909711,2024-01-05 04:06:16,DEBIT,20725.71,EUR,INSURANCE,Insurance,91889.23,REF223862693,BR850,MOBILE
1FCBA917,3,DE13870962145025555422,2024-01-08 11:02:05,DEBIT,10625.72,EUR,RESTAURANT,Restaurant,14144.84,REF396370542,BR965,PHONE
6042E660,1,DE59795655681688929171,2024-01-05 06:16:02,DEBIT,37811.06,EUR,SUBSCRIPTION,Subscription,38231.64,REF435663782,BR942,PHONE
062B4E9F,3,DE13870962145025555422,2024-01-05 12:40:55,CREDIT,3003.94,EUR,DEPOSIT,Deposit,81245.1,REF403262203,BR543,BRANCH
BF7936B6,3,GB84CPBK83157663644901,2024-01-05 01:55:45,CREDIT,11227.45,GBP,BONUS,Bonus,56587.14,REF712822320,BR938,ATM
E4EBF64E,1,DE79741514506827135679,2024-01-05 01:41:16,DEBIT,875.66,EUR,LOAN_PAYMENT,Loan Payment,68707.88,REF396836847,BR807,ONLINE
42A61F33,3,DE13870962145025555422,2024-01-05 05:12:08,CREDIT,1462.21,EUR,INTEREST,INTEREST CREDIT,7907.1,REF662213541,BR966,ONLINE
B27CF8EE,3,DE13870962145025555422,2024-01-10 22:20:41,DEBIT,9575.62,EUR,PURCHASE,Google - PURCHASE,14113.12,REF526495784,BR321,ATM
EDF15411,2,FR471450594397YBLERHKUZ7Y02,2024-01-06 16:15:49,DEBIT,25812.54,EUR,MEDICAL,Medical,6530.49,REF821108553,BR458,PHONE
6E54FD21,2,FR471450594397YBLERHKUZ7Y02,2024-01-05 12:24:36,CREDIT,5294.42,EUR,DEPOSIT,Deposit,75348.77,REF537903709,BR503,PHONE
1E307505,1,DE25202102007876909711,2024-01-10 23:26:05,CREDIT,21514.16,EUR,BONUS,Bonus,9744.74,REF544207458,BR498,PHONE
02D21B63,2,FR471450594397YBLERHKUZ7Y02,2024-01-05 01:36:47,DEBIT,7149.25,EUR,LOAN_PAYMENT,Loan Payment,95169.79,REF589849199,BR349,ONLINE
7C54AE7D,3,DE06546700950979859803,2024-01-04 09:22:10,DEBIT,10285.67,EUR,LOAN_PAYMENT,Loan Payment,52533.91,REF687673840,BR749,MOBILE
C25DA3CD,3,GB84CPBK83157663644901,2024-01-01 05:43:18,CREDIT,3276.98,GBP,FREELANCE,Freelance,77971.4,REF113934609,BR382,ONLINE
E8A1322A,2,FR471450594397YBLERHKUZ7Y02,2024-01-08 17:03:29,DEBIT,14911.58,EUR,SUBSCRIPTION,Subscription,36145.9,REF106380536,BR181,ONLINE
552BB3A0,1,FR221450592469WBR7LN4EXX269,2024-01-02 17:58:34,DEBIT,758.63,EUR,RENT,Rent,47129.21,REF245776771,BR273,MOBILE
0546F0E2,2,FR471450594397YBLERHKUZ7Y02,2024-01-07 04:15:42,DEBIT,1920.75,EUR,BILL_PAYMENT,Bill Payment,93607.3,REF175188196,BR333,ATM
915B2290,4,GB51CITI43028554568398,2024-01-10 00:24:45,DEBIT,2583.79,GBP,PURCHASE,Walmart - PURCHASE,35366.13,REF994721819,BR683,ONLINE
25AF48B7,4,DE08870000009130446806,2024-01-09 08:30:31,DEBIT,11137.89,EUR,TRANSFER_OUT,TRANSFER TO ACCOUNT ***8267,40036.83,REF421664843,BR297,MOBILE
E75AF9F7,1,DE79741514506827135679,2024-01-07 18:16:37,DEBIT,3608.87,EUR,ONLINE_PURCHASE,Exxon - ONLINE_PURCHASE,72665.03,REF937040153,BR999,BRANCH
604BDA08,1,DE59795655681688929171,2024-01-10 13:53:29,CREDIT,9632.89,EUR,DEPOSIT,Deposit,58495.97,REF761372822,BR252,ATM
A42DBF0C,3,GB84CPBK83157663644901,2024-01-07 02:56:51,DEBIT,9519.96,GBP,MEDICAL,Medical,57583.06,REF970515774,BR960,PHONE
D95B39B5,3,DE13870962145025555422,2024-01-05 22:35:34,CREDIT,569.4,EUR,INVESTMENT_RETURN,Investment Return,18632.87,REF279010350,BR960,ATM
FD8DAF60,1,DE59795655681688929171,2024-01-06 01:56:20,DEBIT,43558.4,EUR,ATM_WITHDRAWAL,ATM WITHDRAWAL - STREET,16940.98,REF802919375,BR112,MOBILE
C1B94143,3,DE06546700950979859803,2024-01-08 19:53:00,DEBIT,1281.35,EUR,RENT,Rent,17939.29,REF519517587,BR105,ATM
3DCB465F,4,DE08870000009130446806,2024-01-05 10:26:45,DEBIT,1947.94,EUR,BILL_PAYMENT,Bill Payment,9234.27,REF877002669,BR341,MOBILE
4018F7FF,2,FR471450594397YBLERHKUZ7Y02,2024-01-03 20:57:02,DEBIT,25480.03,EUR,SUBSCRIPTION,Subscription,15969.1,REF393805280,BR422,ONLINE
2083463B,1,DE79741514506827135679,2024-01-10 16:57:07,DEBIT,257.02,EUR,PURCHASE,Lyft - PURCHASE,82221.03,REF634674730,BR996,BRANCH
F8DB0640,2,FR471450594397YBLERHKUZ7Y02,2024-01-02 22:41:58,DEBIT,40420.59,EUR,TRANSFER_OUT,TRANSFER TO ACCOUNT ***5157,72684.65,REF762455180,BR880,ONLINE
7836E2ED,4,GB51CITI43028554568398,2024-01-04 10:52:34,DEBIT,658.83,GBP,ATM_WITHDRAWAL,ATM WITHDRAWAL - MALL,56279.99,REF991735742,BR642,ONLINE
52FCCBED,3,GB84CPBK83157663644901,2024-01-10 14:50:38,DEBIT,14588.42,GBP,SUBSCRIPTION,Subscription,38670.39,REF336636314,BR518,BRANCH
4A22E306,3,DE13870962145025555422,2024-01-06 21:13:13,DEBIT,30608.58,EUR,SUBSCRIPTION,Subscription,76542.52,REF764632019,BR583,ONLINE
52E4D5BC,1,DE79741514506827135679,2024-01-02 08:11:18,DEBIT,3323.42,EUR,RESTAURANT,Restaurant,45622.18,REF963404804,BR973,BRANCH
4D10F97E,4,DE08870000009130446806,2024-01-05 09:43:38,DEBIT,2064.2,EUR,GROCERY,Grocery,57749.98,REF856421344,BR837,MOBILE
A2CDB3E2,1,DE79741514506827135679,2024-01-05 14:50:50,DEBIT,225.73,EUR,MEDICAL,Medical,49916.88,REF363481720,BR869,MOBILE
7F8C7548,1,DE25202102007876909711,2024-01-05 03:28:56,CREDIT,4208.5,EUR,GIFT,Gift,53751.61,REF357523070,BR364,BRANCH
9A96E302,1,DE59795655681688929171,2024-01-08 05:49:06,DEBIT,4490.07,EUR,UTILITIES,Utilities,64869.62,REF977200111,BR642,ATM
A72F1166,1,DE59795655681688929171,2024-01-06 01:42:43,DEBIT,6695.32,EUR,FUEL,Fuel,97628.98,REF250767526,BR359,BRANCH
B2D3D859,3,DE06546700950979859803,2024-01-08 10:03:58,CREDIT,29496.13,EUR,INTEREST,INTEREST CREDIT,30007.07,REF281071367,BR562,BRANCH
3A8E44C0,4,DE08870000009130446806,2024-01-07 05:58:14,CREDIT,7931.62,EUR,REFUND,Refund,9617.36,REF175197770,BR475,BRANCH
1EADEFE3,4,GB51CITI43028554568398,2024-01-08 12:39:28,CREDIT,678.05,GBP,DIVIDEND,Dividend,57432.46,REF565195435,BR124,ONLINE
4A8B4626,1,FR221450592469WBR7LN4EXX269,2024-01-10 13:00:49,DEBIT,30052.67,EUR,PURCHASE,Amazon - PURCHASE,68415.63,REF383044907,BR498,ONLINE
81B9CE18,1,DE59795655681688929171,2024-01-05 00:35:17,CREDIT,3785.57,EUR,REFUND,Refund,26608.26,REF704979906,BR278,BRANCH
90BEB79C,2,FR471450594397YBLERHKUZ7Y02,2024-01-08 22:07:39,CREDIT,8611.65,EUR,DEPOSIT,Deposit,36344.24,REF562992514,BR288,ONLINE
816D57A1,3,DE06546700950979859803,2024-01-01 23:19:29,CREDIT,4615.05,EUR,TRANSFER_IN,TRANSFER FROM ACCOUNT ***1535,19293.97,REF212640212,BR864,BRANCH
33651332,1,DE59795655681688929171,2024-01-02 08:37:07,DEBIT,239.87,EUR,UTILITIES,Utilities,97043.63,REF347971908,BR905,BRANCH
D97D0D8A,1,DE79741514506827135679,2024-01-07 08:38:35,DEBIT,8306.11,EUR,FUEL,Fuel,11085.69,REF533926279,BR862,BRANCH
E288A438,2,FR471450594397YBLERHKUZ7Y02,2024-01-05 11:21:13,CREDIT,30259.23,EUR,GIFT,Gift,92503.37,REF508658568,BR899,ONLINE
E9869DD4,1,DE25202102007876909711,2024-01-04 22:18:01,CREDIT,43517.78,EUR,GIFT,Gift,81902.54,REF288533166,BR523,ONLINE
ED46E634,4,DE08870000009130446806,2024-01-08 04:05:58,CREDIT,2186.76,EUR,INTEREST,INTEREST CREDIT,68533.92,REF239570586,BR575,MOBILE
C898B9DE,1,DE79741514506827135679,2024-01-04 04:50:03,CREDIT,4333.95,EUR,INTEREST,INTEREST CREDIT,52116.85,REF878276327,BR836,ATM
413339AD,2,FR471450594397YBLERHKUZ7Y02,2024-01-02 02:26:42,CREDIT,9947.03,EUR,SALARY,SALARY DEPOSIT - COMPANY B,60743.79,REF184244761,BR342,PHONE
1E4391F2,3,DE13870962145025555422,2024-01-01 22:40:33,DEBIT,21050.25,EUR,RENT,Rent,71370.97,REF345187829,BR483,ONLINE
557D194B,1,FR221450592469WBR7LN4EXX269,2024-01-03 19:12:27,DEBIT,4701.88,EUR,PURCHASE,Walmart - PURCHASE,66498.15,REF569300707,BR486,ATM
C1CF7417,1,DE59795655681688929171,2024-01-03 19:00:29,DEBIT,1494.7,EUR,MEDICAL,Medical,37480.98,REF930634548,BR675,ONLINE
B3DF6AFA,1,DE79741514506827135679,2024-01-01 02:58:08,DEBIT,10382.26,EUR,TRANSFER_OUT,TRANSFER TO ACCOUNT ***5318,45539.27,REF265702553,BR787,MOBILE
F7965DA6,3,GB84CPBK83157663644901,2024-01-06 01:10:08,CREDIT,24306.53,GBP,SALARY,SALARY DEPOSIT - COMPANY A,79874.14,REF749027868,BR319,BRANCH
215E9DEC,3,GB84CPBK83157663644901,2024-01-08 21:17:44,DEBIT,4354.52,GBP,BILL_PAYMENT,Bill Payment,87622.39,REF936193160,BR551,PHONE
37FF0D98,1,FR221450592469WBR7LN4EXX269,2024-01-05 18:56:42,DEBIT,10542.44,EUR,ATM_WITHDRAWAL,ATM WITHDRAWAL - MALL,54689.78,REF460741719,BR248,MOBILE
143D4E1B,3,DE13870962145025555422,2024-01-08 03:47:13,DEBIT,5394.1,EUR,ATM_WITHDRAWAL,ATM WITHDRAWAL - STREET,89899.08,REF957264352,BR146,ONLINE
625BD603,4,DE08870000009130446806,2024-01-10 05:15:52,DEBIT,2631.22,EUR,FUEL,Fuel,32372.06,REF345722120,BR230,PHONE
DB6659B2,1,DE59795655681688929171,2024-01-09 13:45:44,CREDIT,13455.46,EUR,FREELANCE,Freelance,95428.38,REF307725269,BR261,BRANCH
DAAEA112,1,FR221450592469WBR7LN4EXX269,2024-01-05 06:14:15,DEBIT,42402.91,EUR,ATM_WITHDRAWAL,ATM WITHDRAWAL - MALL,40717.54,REF258612053,BR385,BRANCH
7DF1B32C,3,DE13870962145025555422,2024-01-07 18:18:37,CREDIT,4271.31,EUR,INTEREST,INTEREST CREDIT,56145.93,REF446321789,BR386,PHONE
F85D8CC4,1,FR221450592469WBR7LN4EXX269,2024-01-09 01:29:39,CREDIT,11622.29,EUR,FREELANCE,Freelance,31176.27,REF844917638,BR563,BRANCH
2910FDF6,3,DE06546700950979859803,2024-01-01 16:49:19,CREDIT,21104.86,EUR,FREELANCE,Freelance,82550.55,REF417231583,BR267,MOBILE
E3A372B3,1,DE79741514506827135679,2024-01-03 02:22:52,DEBIT,43699.46,EUR,FUEL,Fuel,36822.12,REF533284892,BR833,ATM
6EE2A945,3,DE13870962145025555422,2024-01-07 09:17:07,CREDIT,331.77,EUR,TRANSFER_IN,TRANSFER FROM ACCOUNT ***8724,37176.8,REF122857744,BR381,BRANCH
5334EA48,1,DE25202102007876909711,2024-01-07 09:01:44,CREDIT,37338.45,EUR,INTEREST,INTEREST CREDIT,68704.98,REF261040748,BR344,PHONE
D31E0B65,1,DE25202102007876909711,2024-01-02 13:22:38,CREDIT,10137.63,EUR,INVESTMENT_RETURN,Investment Return,70833.65,REF179725346,BR195,PHONE
90D40D11,1,FR221450592469WBR7LN4EXX269,2024-01-06 08:34:11,CREDIT,10396.27,EUR,DEPOSIT,Deposit,64850.97,REF194604840,BR236,PHONE
B79CD59D,1,FR221450592469WBR7LN4EXX269,2024-01-01 21:52:52,CREDIT,3651.19,EUR,SALARY,SALARY DEPOSIT - COMPANY C,65981.22,REF107350287,BR864,ATM
3EBEDF70,4,DE08870000009130446806,2024-01-06 18:48:13,CREDIT,16093.92,EUR,BONUS,Bonus,70251.18,REF465947822,BR289,BRANCH
686C0E69,3,GB84CPBK83157663644901,2024-01-04 15:50:34,DEBIT,22110.49,GBP,PURCHASE,Uber - PURCHASE,32081.61,REF368846383,BR536,MOBILE
599B3515,1,DE79741514506827135679,2024-01-07 18:44:54,CREDIT,20740.68,EUR,REFUND,Refund,24566.76,REF318577662,BR747,ATM
9655BEEC,3,DE06546700950979859803,2024-01-05 00:19:21,CREDIT,12610.2,EUR,GIFT,Gift,11531.3,REF193424987,BR498,ONLINE
EEC74295,3,DE06546700950979859803,2024-01-10 08:51:31,DEBIT,42084.61,EUR,PURCHASE,Starbucks - PURCHASE,86361.37,REF937435054,BR239,BRANCH
262CB9A2,3,GB84CPBK83157663644901,2024-01-09 22:36:22,CREDIT,7221.16,GBP,INTEREST,INTEREST CREDIT,79157.5,REF608617591,BR617,MOBILE
3B332B48,4,DE08870000009130446806,2024-01-01 12:23:34,CREDIT,8070.49,EUR,REFUND,Refund,95122.72,REF258717262,BR628,MOBILE
59240ABA,4,DE08870000009130446806,2024-01-07 01:59:55,DEBIT,1214.18,EUR,RESTAURANT,Restaurant,57885.19,REF819240681,BR154,MOBILE
797DCD3D,4,DE08870000009130446806,2024-01-05 09:02:06,DEBIT,3052.07,EUR,UTILITIES,Utilities,67693.14,REF116254446,BR943,BRANCH
C9B7BA97,3,GB84CPBK83157663644901,2024-01-05 15:44:55,CREDIT,29528.52,GBP,DEPOSIT,Deposit,60715.34,REF167197548,BR577,ATM
4B6A8999,4,GB51CITI43028554568398,2024-01-10 16:30:57,CREDIT,604.09,GBP,DIVIDEND,Dividend,89313.98,REF756787561,BR946,ATM
94B4042E,1,DE59795655681688929171,2024-01-04 17:19:35,CREDIT,33747.25,EUR,INTEREST,INTEREST CREDIT,65218.73,REF980112287,BR849,ATM
56717E62,1,DE59795655681688929171,2024-01-06 08:07:54,CREDIT,38259.94,EUR,INTEREST,INTEREST CREDIT,48599.94,REF360456649,BR169,PHONE
B9BFBC2A,3,GB84CPBK83157663644901,2024-01-05 16:16:04,CREDIT,207.42,GBP,GIFT,Gift,22148.35,REF627785410,BR104,BRANCH
2143C92D,1,DE59795655681688929171,2024-01-04 10:52:15,CREDIT,12989.2,EUR,SALARY,SALARY DEPOSIT - COMPANY B,20669.5,REF451648723,BR703,ATM
1A4E5E3F,1,DE25202102007876909711,2024-01-08 23:48:59,DEBIT,34023.19,EUR,PURCHASE,PayPal - PURCHASE,16797.0,REF559687157,BR639,MOBILE
C608B0F8,4,GB51CITI43028554568398,2024-01-01 18:44:54,DEBIT,5171.65,GBP,BILL_PAYMENT,Bill Payment,78279.21,REF498346224,BR727,PHONE
C5C93620,3,DE06546700950979859803,2024-01-03 15:27:05,CREDIT,685.17,EUR,REFUND,Refund,91270.86,REF715718258,BR695,MOBILE
485ABC27,1,FR221450592469WBR7LN4EXX269,2024-01-05 12:13:14,DEBIT,1340.1,EUR,UTILITIES,Utilities,76650.99,REF689369352,BR803,ONLINE
1F52EF9C,4,GB51CITI43028554568398,2024-01-08 19:08:34,DEBIT,2766.66,GBP,SUBSCRIPTION,Subscription,41656.02,REF253179005,BR851,BRANCH
5E6DB80E,1,FR221450592469WBR7LN4EXX269,2024-01-01 22:14:24,DEBIT,1641.9,EUR,UTILITIES,Utilities,88214.22,REF191634842,BR515,ONLINE
572E1B2D,1,DE59795655681688929171,2024-01-06 02:31:07,DEBIT,11791.71,EUR,GROCERY,Grocery,99248.59,REF242699131,BR863,PHONE
8D0E60AB,3,GB84CPBK83157663644901,2024-01-07 04:17:48,CREDIT,2700.49,GBP,GIFT,Gift,92219.03,REF996776035,BR812,ATM
F743DE82,3,GB84CPBK83157663644901,2024-01-06 10:57:38,CREDIT,15456.09,GBP,TRANSFER_IN,TRANSFER FROM ACCOUNT ***8582,16374.02,REF952008552,BR626,MOBILE
584A16B0,3,GB84CPBK83157663644901,2024-01-01 21:38:56,CREDIT,7307.89,GBP,INTEREST,INTEREST CREDIT,98122.67,REF693553649,BR983,ONLINE
8DBAFE14,1,DE79741514506827135679,2024-01-09 04:32:03,CREDIT,9121.26,EUR,BONUS,Bonus,59985.84,REF718064747,BR747,ATM
720E2DFC,2,FR471450594397YBLERHKUZ7Y02,2024-01-05 11:52:04,DEBIT,38449.85,EUR,GROCERY,Grocery,40847.27,REF343708417,BR886,ATM
91A80179,1,DE59795655681688929171,2024-01-02 20:13:30,CREDIT,4811.14,EUR,INVESTMENT_RETURN,Investment Return,13003.66,REF714225906,BR945,BRANCH
CB872B81,1,DE25202102007876909711,2024-01-03 02:22:10,DEBIT,5861.11,EUR,RENT,Rent,17487.91,REF454044659,BR246,ATM
C4246F96,2,FR471450594397YBLERHKUZ7Y02,2024-01-07 19:40:50,DEBIT,2865.31,EUR,LOAN_PAYMENT,Loan Payment,76428.21,REF807995008,BR330,MOBILE
3915E1F4,3,DE13870962145025555422,2024-01-01 14:35:17,CREDIT,2602.31,EUR,DEPOSIT,Deposit,79439.99,REF832671626,BR283,MOBILE
D9330735,3,DE13870962145025555422,2024-01-03 20:55:00,CREDIT,10928.96,EUR,FREELANCE,Freelance,48696.62,REF678041303,BR258,ONLINE
677038A6,1,DE59795655681688929171,2024-01-05 10:18:39,DEBIT,3232.58,EUR,SUBSCRIPTION,Subscription,37740.83,REF688388389,BR219,ONLINE
5220AFC4,1,DE59795655681688929171,2024-01-01 10:33:19,DEBIT,4544.59,EUR,ONLINE_PURCHASE,Hotels.com - ONLINE_PURCHASE,46763.44,REF349135898,BR242,MOBILE
CC9E3DB0,3,DE06546700950979859803,2024-01-05 05:28:28,CREDIT,374.81,EUR,FREELANCE,Freelance,31235.45,REF689471792,BR928,ONLINE
6F1DCC5A,1,DE79741514506827135679,2024-01-05 13:33:01,CREDIT,3554.73,EUR,TRANSFER_IN,TRANSFER FROM ACCOUNT ***1248,76844.36,REF980015089,BR517,PHONE
195FF653,4,DE08870000009130446806,2024-01-09 03:45:17,DEBIT,37359.74,EUR,MEDICAL,Medical,27611.05,REF137869126,BR314,PHONE
520EA983,3,DE13870962145025555422,2024-01-06 16:24:54,CREDIT,13431.16,EUR,SALARY,SALARY DEPOSIT - COMPANY C,1287.2,REF683366201,BR883,MOBILE
48634B78,4,DE08870000009130446806,2024-01-01 09:06:38,DEBIT,8.15,EUR,ONLINE_PURCHASE,Starbucks - ONLINE_PURCHASE,32643.99,REF996391346,BR360,PHONE
0022CF9C,3,DE06546700950979859803,2024-01-04 13:59:20,DEBIT,26840.65,EUR,BILL_PAYMENT,Bill Payment,45893.98,REF711228416,BR490,MOBILE
6632A0D2,3,GB84CPBK83157663644901,2024-01-09 15:16:58,DEBIT,3858.66,GBP,TRANSFER_OUT,TRANSFER TO ACCOUNT ***3238,19059.53,REF216884202,BR598,ONLINE
8C8520F0,1,DE25202102007876909711,2024-01-08 05:00:30,DEBIT,3404.94,EUR,PURCHASE,Netflix - PURCHASE,91044.3,REF631774200,BR947,ONLINE
B71221EA,3,DE06546700950979859803,2024-01-04 10:26:17,DEBIT,2057.92,EUR,TRANSFER_OUT,TRANSFER TO ACCOUNT ***9575,37048.42,REF461724064,BR463,MOBILE
1ECD28C6,1,FR221450592469WBR7LN4EXX269,2024-01-09 01:57:40,CREDIT,17110.74,EUR,REFUND,Refund,89252.98,REF777933887,BR125,BRANCH
7FDC01D7,1,DE25202102007876909711,2024-01-03 03:59:29,CREDIT,17146.56,EUR,FREELANCE,Freelance,86732.15,REF896979990,BR119,BRANCH
B6E55A25,1,DE79741514506827135679,2024-01-05 16:54:49,CREDIT,6038.68,EUR,BONUS,Bonus,30525.2,REF457113421,BR438,PHONE
C1BDC183,4,GB51CITI43028554568398,2024-01-07 19:13:13,CREDIT,3048.44,GBP,BONUS,Bonus,53741.45,REF484017598,BR540,BRANCH
7503A2C8,3,GB84CPBK83157663644901,2024-01-04 06:35:39,DEBIT,10807.08,GBP,FUEL,Fuel,32037.18,REF669989702,BR821,ATM
E91EE09D,4,GB51CITI43028554568398,2024-01-06 15:16:50,DEBIT,8270.67,GBP,TRANSFER_OUT,TRANSFER TO ACCOUNT ***6795,54373.0,REF183676775,BR477,ATM
4A59073A,3,GB84CPBK83157663644901,2024-01-04 02:01:24,DEBIT,19978.89,GBP,RENT,Rent,13734.58,REF954947756,BR469,PHONE
91FF7F1D,1,DE25202102007876909711,2024-01-06 08:18:50,CREDIT,14078.39,EUR,DIVIDEND,Dividend,12547.8,REF273054580,BR139,BRANCH
3DB80891,3,GB84CPBK83157663644901,2024-01-02 05:56:09,CREDIT,8370.72,GBP,INTEREST,INTEREST CREDIT,34917.15,REF199735955,BR815,BRANCH
8DEE37B4,2,FR471450594397YBLERHKUZ7Y02,2024-01-06 02:00:17,DEBIT,12871.57,EUR,FUEL,Fuel,44210.07,REF944424224,BR366,PHONE
B17844C6,1,DE59795655681688929171,2024-01-07 17:28:44,DEBIT,16498.91,EUR,GROCERY,Grocery,1152.12,REF416343701,BR951,MOBILE
DE6843FC,3,DE06546700950979859803,2024-01-02 12:44:43,CREDIT,7748.93,EUR,SALARY,SALARY DEPOSIT - COMPANY B,91984.22,REF725176342,BR608,ONLINE
48E5EBF4,3,DE13870962145025555422,2024-01-09 07:32:12,CREDIT,3691.61,EUR,DIVIDEND,Dividend,59491.74,REF230251024,BR467,BRANCH
21A044D3,1,FR221450592469WBR7LN4EXX269,2024-01-10 10:17:45,CREDIT,13846.82,EUR,INVESTMENT_RETURN,Investment Return,25553.55,REF295866042,BR817,ONLINE
355790FB,3,DE06546700950979859803,2024-01-05 08:10:56,DEBIT,42800.71,EUR,FUEL,Fuel,34816.57,REF333789349,BR442,ATM
4C581945,3,DE13870962145025555422,2024-01-04 07:06:46,DEBIT,4609.85,EUR,PURCHASE,Exxon - PURCHASE,73139.55,REF360928598,BR507,ATM
085604DE,1,FR221450592469WBR7LN4EXX269,2024-01-01 22:14:56,CREDIT,17326.84,EUR,DEPOSIT,Deposit,95312.32,REF821777631,BR879,ONLINE
F3B5F0BB,3,DE06546700950979859803,2024-01-10 22:38:14,CREDIT,1919.71,EUR,INVESTMENT_RETURN,Investment Return,74703.57,REF135124751,BR644,ATM
A141DFCF,1,DE25202102007876909711,2024-01-06 03:28:02,DEBIT,2792.92,EUR,ATM_WITHDRAWAL,ATM WITHDRAWAL - BRANCH,32652.77,REF702406371,BR551,ONLINE
D6BA3F05,3,DE13870962145025555422,2024-01-07 23:27:14,DEBIT,7639.08,EUR,LOAN_PAYMENT,Loan Payment,7584.63,REF620945322,BR984,PHONE
CF5DF20E,3,DE13870962145025555422,2024-01-06 09:11:27,DEBIT,26128.17,EUR,RENT,Rent,43686.81,REF291815912,BR102,PHONE
D98FE13A,3,GB84CPBK83157663644901,2024-01-05 02:11:32,CREDIT,156.98,GBP,DIVIDEND,Dividend,77183.6,REF403425482,BR109,ONLINE
6BA57D85,1,FR221450592469WBR7LN4EXX269,2024-01-06 19:36:14,DEBIT,39916.71,EUR,ATM_WITHDRAWAL,ATM WITHDRAWAL - BRANCH,92624.88,REF186803415,BR268,ATM
404FE797,1,FR221450592469WBR7LN4EXX269,2024-01-05 12:26:41,DEBIT,769.68,EUR,ATM_WITHDRAWAL,ATM WITHDRAWAL - STREET,21984.27,REF837992249,BR392,PHONE
9701B8CB,4,DE08870000009130446806,2024-01-04 13:19:50,DEBIT,6536.31,EUR,MEDICAL,Medical,93800.6,REF878457885,BR913,ONLINE
53EF5E1F,4,GB51CITI43028554568398,2024-01-01 21:21:42,DEBIT,2427.23,GBP,RENT,Rent,15745.63,REF887098989,BR283,PHONE
02ECD7F9,1,DE59795655681688929171,2024-01-06 01:11:27,DEBIT,9647.81,EUR,ONLINE_PURCHASE,Shell - ONLINE_PURCHASE,10943.93,REF854325985,BR721,ATM
D63A437F,3,DE13870962145025555422,2024-01-05 06:59:48,DEBIT,10273.79,EUR,TRANSFER_OUT,TRANSFER TO ACCOUNT ***8054,29515.72,REF798043147,BR155,PHONE
A94D9DFA,3,DE06546700950979859803,2024-01-04 13:58:38,DEBIT,28834.61,EUR,LOAN_PAYMENT,Loan Payment,24207.59,REF113982753,BR202,ATM
ACC4CAF5,1,FR221450592469WBR7LN4EXX269,2024-01-03 04:59:14,DEBIT,24852.74,EUR,LOAN_PAYMENT,Loan Payment,3109.64,REF814538917,BR961,BRANCH
F41FB05D,4,DE08870000009130446806,2024-01-05 10:50:37,CREDIT,15855.79,EUR,FREELANCE,Freelance,89395.35,REF751781966,BR880,PHONE
37C2B5F6,3,DE13870962145025555422,2024-01-05 02:53:38,CREDIT,32823.22,EUR,SALARY,SALARY DEPOSIT - COMPANY C,20190.47,REF592282584,BR312,ONLINE
9F9867B6,1,FR221450592469WBR7LN4EXX269,2024-01-06 16:04:37,CREDIT,1614.82,EUR,BONUS,Bonus,46240.58,REF432058455,BR221,PHONE
1B2C33FB,1,FR221450592469WBR7LN4EXX269,2024-01-08 22:38:47,CREDIT,5602.28,EUR,INVESTMENT_RETURN,Investment Return,79450.71,REF940395244,BR774,ONLINE
9D2F3F64,3,DE13870962145025555422,2024-01-04 01:07:25,DEBIT,12787.44,EUR,SUBSCRIPTION,Subscription,3319.31,REF757050434,BR875,BRANCH
64374CBB,4,GB51CITI43028554568398,2024-01-10 20:30:37,DEBIT,3304.53,GBP,ATM_WITHDRAWAL,ATM WITHDRAWAL - STREET,12720.4,REF627653282,BR874,ONLINE
EA140007,3,GB84CPBK83157663644901,2024-01-07 18:51:42,DEBIT,2605.46,GBP,RENT,Rent,20206.13,REF937554252,BR448,ATM
58C9C427,3,DE06546700950979859803,2024-01-01 06:55:08,DEBIT,105.81,EUR,SUBSCRIPTION,Subscription,29965.74,REF851077744,BR575,BRANCH
01CD161D,3,DE13870962145025555422,2024-01-01 06:23:20,DEBIT,15706.02,EUR,LOAN_PAYMENT,Loan Payment,74292.41,REF425391212,BR638,PHONE
FBDF44D1,3,DE06546700950979859803,2024-01-10 08:24:09,CREDIT,11918.45,EUR,TRANSFER_IN,TRANSFER FROM ACCOUNT ***3549,27616.31,REF639494079,BR623,MOBILE
5EB41C58,1,DE25202102007876909711,2024-01-09 10:59:06,DEBIT,36695.22,EUR,INSURANCE,Insurance,55515.07,REF249691511,BR357,MOBILE
58BBBA86,1,DE79741514506827135679,2024-01-03 20:25:34,DEBIT,272.82,EUR,INSURANCE,Insurance,87418.29,REF134607353,BR702,MOBILE
9212ADF6,1,DE79741514506827135679,2024-01-08 16:43:55,CREDIT,5021.15,EUR,DIVIDEND,Dividend,13154.23,REF928891050,BR990,ONLINE
0F57715A,1,FR221450592469WBR7LN4EXX269,2024-01-06 17:07:49,CREDIT,7477.34,EUR,REFUND,Refund,82738.78,REF654510566,BR362,MOBILE
64A7E9A5,1,DE25202102007876909711,2024-01-10 06:26:09,DEBIT,4488.58,EUR,FUEL,Fuel,97418.49,REF136913585,BR354,PHONE
0CF0CA6B,3,DE13870962145025555422,2024-01-03 20:36:11,DEBIT,4326.22,EUR,MEDICAL,Medical,42485.46,REF332172880,BR500,MOBILE
804131B5,1,FR221450592469WBR7LN4EXX269,2024-01-04 15:05:53,CREDIT,1643.56,EUR,BONUS,Bonus,75135.6,REF970084009,BR484,PHONE
9BAF8646,4,GB51CITI43028554568398,2024-01-10 01:01:24,CREDIT,15578.71,GBP,GIFT,Gift,31072.13,REF516882377,BR648,ONLINE
D0F77434,1,DE25202102007876909711,2024-01-07 03:16:18,CREDIT,17384.37,EUR,BONUS,Bonus,37539.72,REF739944646,BR108,ONLINE
4FB50F09,4,GB51CITI43028554568398,2024-01-01 19:26:50,CREDIT,6387.99,GBP,REFUND,Refund,67606.28,REF229242827,BR149,PHONE
592F52DB,2,FR471450594397YBLERHKUZ7Y02,2024-01-02 04:04:32,CREDIT,17627.13,EUR,INTEREST,INTEREST CREDIT,55330.06,REF733869599,BR394,BRANCH
B27C0215,1,DE79741514506827135679,2024-01-01 21:19:06,CREDIT,10646.61,EUR,INTEREST,INTEREST CREDIT,32346.58,REF559209734,BR771,MOBILE
08B15BA8,1,DE25202102007876909711,2024-01-05 22:30:42,DEBIT,1692.3,EUR,SUBSCRIPTION,Subscription,72454.7,REF189307031,BR785,PHONE
A0C03620,1,FR221450592469WBR7LN4EXX269,2024-01-03 00:37:37,CREDIT,11841.74,EUR,INVESTMENT_RETURN,Investment Return,65629.09,REF279951261,BR401,PHONE
FFD46048,1,DE59795655681688929171,2024-01-03 11:05:21,DEBIT,2662.1,EUR,FUEL,Fuel,39183.99,REF689501899,BR530,ONLINE
991DC5AB,2,FR471450594397YBLERHKUZ7Y02,2024-01-10 03:46:24,DEBIT,2444.11,EUR,BILL_PAYMENT,Bill Payment,71731.77,REF157952255,BR104,BRANCH
0221DEFD,3,GB84CPBK83157663644901,2024-01-06 14:53:59,DEBIT,2021.81,GBP,SUBSCRIPTION,Subscription,13232.22,REF817686159,BR686,BRANCH
58860FAF,1,DE79741514506827135679,2024-01-01 05:21:37,DEBIT,11742.82,EUR,PURCHASE,Netflix - PURCHASE,91021.0,REF361277018,BR482,ATM
9C8207FD,3,GB84CPBK83157663644901,2024-01-04 05:25:45,CREDIT,33758.93,GBP,GIFT,Gift,36761.51,REF307810720,BR447,BRANCH
9AA51F73,1,DE59795655681688929171,2024-01-09 21:46:38,CREDIT,2355.1,EUR,BONUS,Bonus,76997.14,REF799809592,BR598,ONLINE
DD2BE921,3,DE06546700950979859803,2024-01-05 12:00:08,CREDIT,4651.34,EUR,INTEREST,INTEREST CREDIT,39344.33,REF436275925,BR124,ATM
6BEBB103,4,GB51CITI43028554568398,2024-01-05 01:10:00,DEBIT,33493.9,GBP,BILL_PAYMENT,Bill Payment,19304.7,REF534535799,BR961,BRANCH
A77D34A8,1,DE59795655681688929171,2024-01-10 23:18:48,DEBIT,3188.19,EUR,SUBSCRIPTION,Subscription,96755.93,REF936403388,BR644,ATM
9A9DBCE3,1,DE25202102007876909711,2024-01-04 16:43:15,CREDIT,309.07,EUR,DEPOSIT,Deposit,81915.49,REF140970019,BR513,PHONE
8BFD6713,3,DE06546700950979859803,2024-01-01 08:04:42,DEBIT,7172.91,EUR,BILL_PAYMENT,Bill Payment,75749.78,REF811668405,BR762,ATM
5DEC9676,1,FR221450592469WBR7LN4EXX269,2024-01-04 10:15:08,DEBIT,12028.03,EUR,BILL_PAYMENT,Bill Payment,38742.28,REF391054875,BR929,BRANCH
D2FFB64C,1,DE25202102007876909711,2024-01-08 04:52:03,DEBIT,6851.25,EUR,UTILITIES,Utilities,47740.98,REF918790940,BR568,ATM
3B892610,3,DE13870962145025555422,2024-01-03 22:39:38,DEBIT,26742.27,EUR,MEDICAL,Medical,81767.96,REF509128353,BR414,ATM
1CC46E8C,1,DE79741514506827135679,2024-01-02 22:23:30,DEBIT,6125.45,EUR,GROCERY,Grocery,95965.31,REF699130091,BR922,ATM
8F8109E6,1,DE79741514506827135679,2024-01-02 11:42:47,CREDIT,14463.53,EUR,INVESTMENT_RETURN,Investment Return,27939.86,REF427881063,BR824,ATM
D17E4F2C,1,DE25202102007876909711,2024-01-03 22:42:45,DEBIT,2790.9,EUR,FUEL,Fuel,92429.46,REF255700849,BR887,ATM
0FFD9086,1,FR221450592469WBR7LN4EXX269,2024-01-06 13:44:44,CREDIT,18686.44,EUR,DEPOSIT,Deposit,82446.59,REF436416800,BR385,PHONE
1CF49984,1,DE25202102007876909711,2024-01-10 11:43:06,CREDIT,3490.94,EUR,SALARY,SALARY DEPOSIT - COMPANY A,42974.69,REF803769204,BR198,BRANCH
B060D3EB,3,DE06546700950979859803,2024-01-06 22:33:36,DEBIT,41756.0,EUR,UTILITIES,Utilities,97287.35,REF580134529,BR672,MOBILE
12CC3F36,1,DE79741514506827135679,2024-01-08 19:10:37,CREDIT,4264.64,EUR,SALARY,SALARY DEPOSIT - COMPANY A,86913.06,REF295706186,BR523,ATM
D60E299B,1,FR221450592469WBR7LN4EXX269,2024-01-03 14:36:27,DEBIT,34123.86,EUR,BILL_PAYMENT,Bill Payment,15382.0,REF217238819,BR132,ATM
E26ABC09,1,DE25202102007876909711,2024-01-05 17:58:43,CREDIT,11178.33,EUR,SALARY,SALARY DEPOSIT - COMPANY C,68226.85,REF477210299,BR321,MOBILE
85E77B9C,2,FR471450594397YBLERHKUZ7Y02,2024-01-05 11:02:28,CREDIT,3214.22,EUR,DIVIDEND,Dividend,24101.3,REF602848310,BR840,ONLINE
DE9E6439,2,FR471450594397YBLERHKUZ7Y02,2024-01-08 20:22:57,CREDIT,802.87,EUR,REFUND,Refund,15306.82,REF122964783,BR173,MOBILE
40A39741,3,DE13870962145025555422,2024-01-06 11:10:25,CREDIT,23515.61,EUR,INVESTMENT_RETURN,Investment Return,66947.59,REF599601583,BR876,MOBILE
64CB38EF,1,DE79741514506827135679,2024-01-07 23:24:17,CREDIT,283.48,EUR,REFUND,Refund,32647.63,REF991037658,BR859,MOBILE
EA6A0B93,3,GB84CPBK83157663644901,2024-01-01 13:31:01,DEBIT,374.63,GBP,UTILITIES,Utilities,15978.82,REF385696066,BR776,PHONE
94A5CADC,3,DE13870962145025555422,2024-01-04 14:55:05,DEBIT,3036.67,EUR,ONLINE_PURCHASE,PayPal - ONLINE_PURCHASE,26223.63,REF141308145,BR542,ATM
78098F42,1,DE59795655681688929171,2024-01-06 19:27:26,DEBIT,980.85,EUR,FUEL,Fuel,99654.46,REF191856103,BR831,ONLINE
EEFDDD7C,1,DE25202102007876909711,2024-01-06 16:07:35,CREDIT,19601.92,EUR,INVESTMENT_RETURN,Investment Return,63405.43,REF668558041,BR591,MOBILE
F91329B6,4,GB51CITI43028554568398,2024-01-10 10:57:58,DEBIT,19170.47,GBP,UTILITIES,Utilities,70965.78,REF967014087,BR977,PHONE
4DEB356E,3,DE06546700950979859803,2024-01-04 06:32:36,DEBIT,29168.04,EUR,RENT,Rent,4105.64,REF502581647,BR317,ONLINE
45DF888F,3,GB84CPBK83157663644901,2024-01-04 13:56:51,DEBIT,8556.11,GBP,UTILITIES,Utilities,83186.11,REF681344874,BR783,MOBILE
7080A7EF,2,FR471450594397YBLERHKUZ7Y02,2024-01-09 04:42:39,CREDIT,2000.42,EUR,REFUND,Refund,8584.62,REF300549686,BR697,ONLINE
8AA75D55,4,GB51CITI43028554568398,2024-01-08 08:22:21,CREDIT,3655.56,GBP,INVESTMENT_RETURN,Investment Return,64199.0,REF677441591,BR859,BRANCH
92B9D14A,4,GB51CITI43028554568398,2024-01-04 05:49:56,CREDIT,5590.49,GBP,REFUND,Refund,11714.43,REF372507510,BR534,PHONE
EF0003B7,1,DE59795655681688929171,2024-01-05 09:04:49,CREDIT,29497.97,EUR,REFUND,Refund,61775.24,REF890181803,BR949,PHONE
D6E29F24,1,FR221450592469WBR7LN4EXX269,2024-01-03 04:33:16,DEBIT,1699.05,EUR,RENT,Rent,90225.45,REF254684237,BR707,ATM
2BB7192A,1,DE25202102007876909711,2024-01-04 19:01:12,DEBIT,27788.05,EUR,UTILITIES,Utilities,50829.01,REF286758571,BR923,BRANCH
4C90FF7E,1,DE59795655681688929171,2024-01-05 22:09:54,CREDIT,25452.11,EUR,SALARY,SALARY DEPOSIT - COMPANY A,29870.29,REF121189699,BR623,ONLINE
C040EBE6,3,DE13870962145025555422,2024-01-04 17:49:31,CREDIT,6550.96,EUR,TRANSFER_IN,TRANSFER FROM ACCOUNT ***8839,46576.9,REF387921253,BR900,PHONE
9D914280,4,GB51CITI43028554568398,2024-01-01 18:06:50,DEBIT,1883.27,GBP,TRANSFER_OUT,TRANSFER TO ACCOUNT ***9357,12869.82,REF284474888,BR994,ATM
9D03233F,1,DE25202102007876909711,2024-01-02 19:10:35,DEBIT,2786.46,EUR,LOAN_PAYMENT,Loan Payment,90175.07,REF977675286,BR652,ATM
1BF0AA8A,3,DE06546700950979859803,2024-01-01 16:15:19,CREDIT,10956.44,EUR,GIFT,Gift,51376.48,REF309419982,BR712,MOBILE
A7FD8B6E,1,DE79741514506827135679,2024-01-08 05:21:45,DEBIT,25156.46,EUR,MEDICAL,Medical,36948.82,REF594631314,BR294,MOBILE
D1389639,1,DE79741514506827135679,2024-01-02 00:56:22,DEBIT,4338.59,EUR,RESTAURANT,Restaurant,20935.17,REF770965716,BR124,PHONE
EA3FDDCE,1,FR221450592469WBR7LN4EXX269,2024-01-02 20:33:29,CREDIT,4346.41,EUR,TRANSFER_IN,TRANSFER FROM ACCOUNT ***3392,98794.21,REF810447792,BR352,ONLINE
DDD9EA3E,4,GB51CITI43028554568398,2024-01-10 10:13:13,CREDIT,1588.55,GBP,SALARY,SALARY DEPOSIT - COMPANY A,8032.35,REF444284356,BR122,PHONE
31ACF9BD,1,DE59795655681688929171,2024-01-05 21:27:31,DEBIT,727.6,EUR,RESTAURANT,Restaurant,74858.81,REF260681009,BR908,ONLINE
63A6E27D,1,DE59795655681688929171,2024-01-09 15:36:22,CREDIT,1916.44,EUR,BONUS,Bonus,44672.48,REF620604861,BR263,ATM
E809BA10,3,DE06546700950979859803,2024-01-04 11:59:46,CREDIT,15113.65,EUR,TRANSFER_IN,TRANSFER FROM ACCOUNT ***7060,55007.8,REF635850125,BR866,ATM
3EADBE87,3,DE06546700950979859803,2024-01-07 06:45:42,DEBIT,1265.36,EUR,ATM_WITHDRAWAL,ATM WITHDRAWAL - MALL,80538.82,REF360705890,BR939,ATM
6F701EC2,1,DE79741514506827135679,2024-01-08 10:43:29,DEBIT,12818.45,EUR,GROCERY,Grocery,29760.85,REF994673861,BR868,MOBILE
23933521,4,DE08870000009130446806,2024-01-06 00:50:54,CREDIT,26299.67,EUR,SALARY,SALARY DEPOSIT - COMPANY B,58656.42,REF101518914,BR757,ONLINE
A1212F00,1,DE79741514506827135679,2024-01-07 11:45:20,DEBIT,21600.37,EUR,SUBSCRIPTION,Subscription,19502.13,REF787105314,BR511,ONLINE
B00E2046,1,DE25202102007876909711,2024-01-03 07:15:19,DEBIT,7020.61,EUR,PURCHASE,Spotify - PURCHASE,31261.74,REF163352230,BR787,ONLINE
CEBE89AC,3,GB84CPBK83157663644901,2024-01-06 16:03:12,DEBIT,10190.09,GBP,INSURANCE,Insurance,28223.59,REF559428815,BR137,ONLINE
1EC137E0,4,GB51CITI43028554568398,2024-01-09 01:31:57,DEBIT,3899.3,GBP,MEDICAL,Medical,24157.27,REF409675651,BR714,ONLINE
95DB828B,1,FR221450592469WBR7LN4EXX269,2024-01-06 16:22:46,DEBIT,14.38,EUR,ATM_WITHDRAWAL,ATM WITHDRAWAL - STREET,86982.03,REF981711298,BR128,ONLINE
3073B3BF,4,GB51CITI43028554568398,2024-01-03 22:36:48,DEBIT,816.11,GBP,SUBSCRIPTION,Subscription,30238.4,REF728344289,BR844,BRANCH
AC79B3D9,3,GB84CPBK83157663644901,2024-01-06 20:12:57,CREDIT,7823.96,GBP,FREELANCE,Freelance,27785.19,REF533977350,BR603,ONLINE
0AAD1FEE,1,DE79741514506827135679,2024-01-10 13:44:14,CREDIT,2221.09,EUR,DIVIDEND,Dividend,22383.92,REF533292648,BR634,PHONE
8270AA4E,1,FR221450592469WBR7LN4EXX269,2024-01-06 05:19:28,DEBIT,1266.91,EUR,PURCHASE,PayPal - PURCHASE,80372.78,REF430195273,BR736,BRANCH
7D2F26E0,1,DE25202102007876909711,2024-01-09 15:56:48,DEBIT,17946.93,EUR,BILL_PAYMENT,Bill Payment,91333.42,REF955787887,BR847,MOBILE
DB68F44B,2,FR471450594397YBLERHKUZ7Y02,2024-01-05 12:04:25,DEBIT,9458.25,EUR,ATM_WITHDRAWAL,ATM WITHDRAWAL - STREET,5429.38,REF676223932,BR576,MOBILE
612670ED,1,DE59795655681688929171,2024-01-04 23:35:17,CREDIT,6837.21,EUR,REFUND,Refund,49679.99,REF570798197,BR957,BRANCH
1656F444,1,DE59795655681688929171,2024-01-08 01:55:48,CREDIT,1451.03,EUR,SALARY,SALARY DEPOSIT - COMPANY C,18688.31,REF673356780,BR687,ATM
D19F80A3,4,DE08870000009130446806,2024-01-02 20:41:29,DEBIT,12933.18,EUR,ONLINE_PURCHASE,Uber - ONLINE_PURCHASE,18058.92,REF519707443,BR857,PHONE
39F888EB,3,DE13870962145025555422,2024-01-02 16:13:17,DEBIT,6465.45,EUR,LOAN_PAYMENT,Loan Payment,38726.74,REF368218972,BR711,MOBILE
9C65ECB2,4,GB51CITI43028554568398,2024-01-04 02:10:04,DEBIT,627.5,GBP,BILL_PAYMENT,Bill Payment,80384.06,REF902243073,BR119,BRANCH
34C6CB13,4,DE08870000009130446806,2024-01-02 06:34:39,DEBIT,17040.93,EUR,LOAN_PAYMENT,Loan Payment,53687.17,REF769154856,BR275,ATM
7010CC1C,1,DE59795655681688929171,2024-01-04 09:28:24,DEBIT,8476.23,EUR,RENT,Rent,54615.85,REF433948907,BR465,ATM
A15D1021,4,GB51CITI43028554568398,2024-01-06 09:48:02,CREDIT,360.12,GBP,INTEREST,INTEREST CREDIT,5700.59,REF109182049,BR713,PHONE
3538BDE7,1,DE59795655681688929171,2024-01-04 09:37:58,CREDIT,197.83,EUR,SALARY,SALARY DEPOSIT - COMPANY B,81507.08,REF438570494,BR981,PHONE
002ED4CC,1,DE79741514506827135679,2024-01-09 08:46:46,DEBIT,21712.17,EUR,FUEL,Fuel,83646.78,REF797951554,BR585,ONLINE
9CF74D09,4,DE08870000009130446806,2024-01-09 15:07:18,CREDIT,41127.53,EUR,REFUND,Refund,89751.23,REF488346089,BR950,BRANCH
8455F426,1,DE25202102007876909711,2024-01-09 22:06:48,CREDIT,27275.2,EUR,FREELANCE,Freelance,66065.54,REF203776555,BR607,PHONE
583E6FC2,1,DE79741514506827135679,2024-01-08 02:43:01,CREDIT,26350.77,EUR,DIVIDEND,Dividend,71268.64,REF767765842,BR208,ATM
A5E340DB,1,DE25202102007876909711,2024-01-04 19:50:17,CREDIT,9821.77,EUR,SALARY,SALARY DEPOSIT - COMPANY B,94432.25,REF600248013,BR548,ATM
C2F83923,3,DE13870962145025555422,2024-01-04 13:20:12,CREDIT,40204.09,EUR,FREELANCE,Freelance,54048.66,REF672208959,BR475,ONLINE
D33B0C0A,3,DE13870962145025555422,2024-01-06 03:25:30,DEBIT,41985.12,EUR,MEDICAL,Medical,59731.62,REF252838850,BR731,ATM
E56F4880,3,DE06546700950979859803,2024-01-09 19:32:39,DEBIT,391.26,EUR,TRANSFER_OUT,TRANSFER TO ACCOUNT ***2995,19096.63,REF949086020,BR447,MOBILE
A995FF1D,2,FR471450594397YBLERHKUZ7Y02,2024-01-02 00:50:34,DEBIT,24184.13,EUR,MEDICAL,Medical,2683.26,REF890524068,BR246,ATM
8E619988,4,DE08870000009130446806,2024-01-02 05:59:20,CREDIT,1418.34,EUR,INTEREST,INTEREST CREDIT,25779.07,REF556754222,BR940,PHONE
01441EF8,1,DE59795655681688929171,2024-01-09 22:42:23,CREDIT,2854.26,EUR,TRANSFER_IN,TRANSFER FROM ACCOUNT ***8156,82718.03,REF972128638,BR527,PHONE
75A36F2B,1,DE59795655681688929171,2024-01-05 07:35:35,DEBIT,8067.87,EUR,PURCHASE,Netflix - PURCHASE,73410.78,REF489491605,BR830,MOBILE
524D485D,1,DE59795655681688929171,2024-01-06 05:10:30,CREDIT,24531.92,EUR,INVESTMENT_RETURN,Investment Return,37193.5,REF608123365,BR187,ONLINE
CC4A4F27,1,DE59795655681688929171,2024-01-09 10:00:54,CREDIT,32559.29,EUR,REFUND,Refund,70135.22,REF431494426,BR736,BRANCH
5ED60A9E,3,DE06546700950979859803,2024-01-03 03:50:15,DEBIT,4117.56,EUR,PURCHASE,Target - PURCHASE,84940.4,REF427461745,BR577,PHONE
2FD4DDD0,1,FR221450592469WBR7LN4EXX269,2024-01-08 12:37:14,CREDIT,703.31,EUR,INTEREST,INTEREST CREDIT,60698.99,REF749759659,BR696,BRANCH
DDB4260D,2,FR471450594397YBLERHKUZ7Y02,2024-01-02 02:11:18,CREDIT,24012.5,EUR,INTEREST,INTEREST CREDIT,97073.4,REF911349141,BR315,MOBILE
15C6A1FA,1,DE59795655681688929171,2024-01-05 20:27:24,DEBIT,12298.62,EUR,ONLINE_PURCHASE,Starbucks - ONLINE_PURCHASE,17899.13,REF462910890,BR185,ATM
B618E07B,3,GB84CPBK83157663644901,2024-01-04 10:56:53,CREDIT,13158.38,GBP,GIFT,Gift,67305.48,REF834909639,BR491,BRANCH
BC64ECE3,4,DE08870000009130446806,2024-01-08 07:12:11,DEBIT,13109.18,EUR,RESTAURANT,Restaurant,98551.2,REF965265587,BR545,ATM
8112F838,3,DE13870962145025555422,2024-01-05 03:13:24,CREDIT,42509.34,EUR,SALARY,SALARY DEPOSIT - COMPANY A,87414.9,REF325410742,BR189,ONLINE
D8F22597,4,GB51CITI43028554568398,2024-01-06 23:46:48,CREDIT,6767.93,GBP,DIVIDEND,Dividend,76788.79,REF876095278,BR239,BRANCH
7F78C3CE,1,DE25202102007876909711,2024-01-08 18:31:06,CREDIT,418.29,EUR,DIVIDEND,Dividend,78816.45,REF160452131,BR743,PHONE
77AF3B5C,1,DE59795655681688929171,2024-01-10 12:09:38,DEBIT,4276.81,EUR,INSURANCE,Insurance,30729.41,REF475978416,BR561,ONLINE
4C07744A,4,DE08870000009130446806,2024-01-09 10:09:42,DEBIT,1796.22,EUR,UTILITIES,Utilities,66753.4,REF992001884,BR348,ATM
4DE350F8,1,FR221450592469WBR7LN4EXX269,2024-01-05 23:30:47,DEBIT,42533.65,EUR,UTILITIES,Utilities,80910.62,REF568716691,BR243,MOBILE
8279D661,2,FR471450594397YBLERHKUZ7Y02,2024-01-02 16:23:31,CREDIT,992.94,EUR,TRANSFER_IN,TRANSFER FROM ACCOUNT ***2706,74147.88,REF883220439,BR629,ATM
FFF23307,1,FR221450592469WBR7LN4EXX269,2024-01-02 17:08:13,CREDIT,17275.87,EUR,REFUND,Refund,90162.82,REF555002831,BR758,BRANCH
35566CF7,3,GB84CPBK83157663644901,2024-01-06 06:56:07,DEBIT,316.88,GBP,TRANSFER_OUT,TRANSFER TO ACCOUNT ***8176,4526.26,REF751270998,BR480,ONLINE
68EDE2DE,1,DE59795655681688929171,2024-01-02 23:24:24,DEBIT,3151.79,EUR,RESTAURANT,Restaurant,82076.15,REF365050620,BR249,ONLINE
3AF6465F,1,FR221450592469WBR7LN4EXX269,2024-01-04 20:40:02,DEBIT,119.24,EUR,PURCHASE,Mastercard - PURCHASE,9215.5,REF679228608,BR775,ONLINE
7EC532D6,1,DE59795655681688929171,2024-01-09 10:58:31,CREDIT,15527.24,EUR,SALARY,SALARY DEPOSIT - COMPANY B,28216.39,REF948817395,BR351,PHONE
C8A206C9,1,DE25202102007876909711,2024-01-07 02:04:21,CREDIT,1605.04,EUR,FREELANCE,Freelance,79143.58,REF669506615,BR847,ONLINE
01A2B97E,3,GB84CPBK83157663644901,2024-01-03 04:07:29,DEBIT,25178.13,GBP,BILL_PAYMENT,Bill Payment,1878.41,REF570920906,BR580,MOBILE
84B6F130,1,FR221450592469WBR7LN4EXX269,2024-01-07 14:19:58,CREDIT,8606.82,EUR,FREELANCE,Freelance,30980.69,REF125946499,BR754,BRANCH
D49BA27C,3,DE06546700950979859803,2024-01-09 17:08:46,DEBIT,3728.74,EUR,ONLINE_PURCHASE,Walmart - ONLINE_PURCHASE,3699.7,REF640273145,BR626,PHONE
C096A0D5,4,GB51CITI43028554568398,2024-01-10 11:27:03,CREDIT,11859.32,GBP,DEPOSIT,Deposit,6980.23,REF316797697,BR294,PHONE
71F03D61,3,GB84CPBK83157663644901,2024-01-09 01:32:49,CREDIT,1056.13,GBP,BONUS,Bonus,70184.61,REF613692664,BR143,PHONE
0FBF1C78,3,DE13870962145025555422,2024-01-04 02:58:16,CREDIT,3745.32,EUR,INTEREST,INTEREST CREDIT,62789.29,REF985904072,BR330,BRANCH
64507DC3,1,DE25202102007876909711,2024-01-04 02:52:53,CREDIT,11221.74,EUR,DIVIDEND,Dividend,88863.11,REF853770802,BR640,ATM
5160F17F,1,DE25202102007876909711,2024-01-08 14:53:07,CREDIT,11224.42,EUR,INVESTMENT_RETURN,Investment Return,65913.64,REF206543199,BR914,ONLINE
D780E02A,3,DE06546700950979859803,2024-01-01 20:16:15,DEBIT,2825.51,EUR,RESTAURANT,Restaurant,51813.83,REF761917721,BR236,ONLINE
87118AEA,3,GB84CPBK83157663644901,2024-01-09 22:09:08,CREDIT,36055.63,GBP,DEPOSIT,Deposit,48781.05,REF971490497,BR631,MOBILE
1BA16563,3,DE13870962145025555422,2024-01-09 17:47:47,DEBIT,9819.82,EUR,INSURANCE,Insurance,58401.47,REF139975191,BR863,ONLINE
3348271E,4,GB51CITI43028554568398,2024-01-06 10:40:43,CREDIT,614.55,GBP,FREELANCE,Freelance,39055.28,REF404664188,BR390,ATM
B3C399D5,1,FR221450592469WBR7LN4EXX269,2024-01-01 07:52:05,CREDIT,22634.97,EUR,GIFT,Gift,96204.89,REF594420039,BR945,BRANCH
32CC0C40,3,DE13870962145025555422,2024-01-09 03:41:06,CREDIT,886.78,EUR,DEPOSIT,Deposit,89694.39,REF337179699,BR750,PHONE
B6082CE7,4,GB51CITI43028554568398,2024-01-02 23:19:52,CREDIT,8077.74,GBP,REFUND,Refund,57046.33,REF289881282,BR301,ATM
4B7C92F4,1,DE79741514506827135679,2024-01-02 01:09:31,DEBIT,2947.29,EUR,INSURANCE,Insurance,24164.62,REF414682852,BR763,ATM
19657CB0,4,GB51CITI43028554568398,2024-01-08 02:39:52,DEBIT,735.77,GBP,SUBSCRIPTION,Subscription,5473.41,REF423476213,BR374,BRANCH
CF6CBA25,3,DE06546700950979859803,2024-01-08 19:46:09,DEBIT,3916.96,EUR,RESTAURANT,Restaurant,27460.95,REF939463595,BR706,ONLINE
7935D548,4,GB51CITI43028554568398,2024-01-04 12:49:02,DEBIT,11917.15,GBP,UTILITIES,Utilities,34468.52,REF886547293,BR856,ATM
D1525AD2,1,DE79741514506827135679,2024-01-07 11:49:13,DEBIT,7540.24,EUR,GROCERY,Grocery,48749.27,REF454303308,BR169,ONLINE
420C9F99,1,FR221450592469WBR7LN4EXX269,2024-01-08 03:57:48,CREDIT,9145.32,EUR,REFUND,Refund,51293.25,REF711204324,BR493,ATM
B5DE7BE9,3,DE13870962145025555422,2024-01-04 18:22:52,DEBIT,14274.7,EUR,GROCERY,Grocery,91143.96,REF756449422,BR173,ATM
CE341365,1,DE59795655681688929171,2024-01-09 17:11:22,CREDIT,28092.47,EUR,TRANSFER_IN,TRANSFER FROM ACCOUNT ***8864,56324.38,REF183261224,BR740,MOBILE
169F33B0,4,DE08870000009130446806,2024-01-08 15:33:33,CREDIT,1340.35,EUR,TRANSFER_IN,TRANSFER FROM ACCOUNT ***8769,84330.12,REF190238896,BR745,PHONE
EAB784EE,3,DE06546700950979859803,2024-01-02 08:43:23,DEBIT,11424.63,EUR,ATM_WITHDRAWAL,ATM WITHDRAWAL - MALL,41321.33,REF649457009,BR569,MOBILE
4A45BDE6,3,GB84CPBK83157663644901,2024-01-07 14:58:08,DEBIT,1345.93,GBP,UTILITIES,Utilities,87243.49,REF839911823,BR678,ATM
51FAF2B5,3,GB84CPBK83157663644901,2024-01-08 04:44:15,DEBIT,5507.2,GBP,BILL_PAYMENT,Bill Payment,17919.36,REF760635112,BR773,MOBILE
9C4C1AF2,1,DE59795655681688929171,2024-01-06 14:21:05,DEBIT,16884.13,EUR,MEDICAL,Medical,21231.26,REF653544848,BR473,ATM
8AB80F52,2,FR471450594397YBLERHKUZ7Y02,2024-01-02 00:55:57,DEBIT,2452.15,EUR,MEDICAL,Medical,92755.87,REF821698608,BR338,ONLINE
C50AEB5A,1,DE59795655681688929171,2024-01-05 11:05:01,CREDIT,660.78,EUR,TRANSFER_IN,TRANSFER FROM ACCOUNT ***6643,20286.49,REF760264444,BR384,MOBILE
AC3E1DD0,3,DE06546700950979859803,2024-01-04 20:49:14,DEBIT,9207.11,EUR,BILL_PAYMENT,Bill Payment,52053.97,REF626166793,BR655,ONLINE
EA6A9BB9,1,DE79741514506827135679,2024-01-01 07:06:41,DEBIT,20887.01,EUR,FUEL,Fuel,18020.67,REF897696622,BR967,PHONE
A6B756D9,4,GB51CITI43028554568398,2024-01-08 18:11:07,CREDIT,11079.52,GBP,DEPOSIT,Deposit,83210.61,REF185001679,BR335,PHONE
6CC829B0,1,DE25202102007876909711,2024-01-02 12:34:51,DEBIT,33028.79,EUR,MEDICAL,Medical,28299.82,REF134362579,BR669,BRANCH
E56957FB,1,DE25202102007876909711,2024-01-01 05:12:01,CREDIT,2651.41,EUR,INTEREST,INTEREST CREDIT,65300.28,REF923749866,BR785,BRANCH
07B21F46,3,DE13870962145025555422,2024-01-05 05:46:22,DEBIT,1576.28,EUR,SUBSCRIPTION,Subscription,88778.22,REF433496083,BR751,PHONE
2FA03322,1,FR221450592469WBR7LN4EXX269,2024-01-10 11:16:41,CREDIT,13400.67,EUR,TRANSFER_IN,TRANSFER FROM ACCOUNT ***9453,95577.19,REF763193659,BR374,ATM
B12B886E,3,DE13870962145025555422,2024-01-04 15:55:21,DEBIT,3666.36,EUR,ATM_WITHDRAWAL,ATM WITHDRAWAL - STREET,60180.03,REF244388156,BR530,PHONE
F733A158,1,DE79741514506827135679,2024-01-04 01:14:05,DEBIT,3573.74,EUR,SUBSCRIPTION,Subscription,43692.95,REF131994925,BR909,ONLINE
9AE2A8C3,4,GB51CITI43028554568398,2024-01-02 02:09:16,CREDIT,461.62,GBP,INTEREST,INTEREST CREDIT,87801.24,REF662124299,BR934,MOBILE
5E7F5B03,1,DE59795655681688929171,2024-01-06 12:01:52,CREDIT,25566.6,EUR,REFUND,Refund,14341.28,REF301794791,BR910,ATM
89F91767,4,DE08870000009130446806,2024-01-07 19:37:43,DEBIT,19402.6,EUR,MEDICAL,Medical,10106.1,REF301365193,BR289,BRANCH
D7501E8E,2,FR471450594397YBLERHKUZ7Y02,2024-01-08 04:26:03,CREDIT,6352.3,EUR,REFUND,Refund,12746.56,REF492699003,BR533,BRANCH
1403DE26,2,FR471450594397YBLERHKUZ7Y02,2024-01-01 01:32:45,CREDIT,8209.69,EUR,INVESTMENT_RETURN,Investment Return,93363.34,REF796025046,BR405,ATM
4C238B99,4,DE08870000009130446806,2024-01-08 10:04:50,CREDIT,3692.0,EUR,SALARY,SALARY DEPOSIT - COMPANY C,27456.22,REF221868157,BR446,PHONE
776E7861,3,GB84CPBK83157663644901,2024-01-10 16:30:58,CREDIT,35205.04,GBP,SALARY,SALARY DEPOSIT - COMPANY A,70255.52,REF407149229,BR883,PHONE
85821D4A,4,DE08870000009130446806,2024-01-07 13:49:59,DEBIT,859.36,EUR,RESTAURANT,Restaurant,95814.17,REF132603827,BR470,ONLINE
FA0EE253,1,DE79741514506827135679,2024-01-07 06:08:29,CREDIT,728.41,EUR,SALARY,SALARY DEPOSIT - COMPANY A,41766.81,REF562878576,BR564,BRANCH
56AF1F81,1,FR221450592469WBR7LN4EXX269,2024-01-02 03:55:45,CREDIT,12903.34,EUR,GIFT,Gift,72328.15,REF553055133,BR518,BRANCH
E061A0F5,4,DE08870000009130446806,2024-01-02 16:35:22,CREDIT,1484.16,EUR,TRANSFER_IN,TRANSFER FROM ACCOUNT ***6180,66298.86,REF932237935,BR510,MOBILE
26922FD6,1,DE59795655681688929171,2024-01-08 05:35:42,CREDIT,12812.49,EUR,INTEREST,INTEREST CREDIT,70995.49,REF296435417,BR917,ATM
4B6159AC,3,DE13870962145025555422,2024-01-08 14:35:07,CREDIT,30957.09,EUR,FREELANCE,Freelance,29907.53,REF882148160,BR860,MOBILE
E412B041,1,FR221450592469WBR7LN4EXX269,2024-01-05 21:45:58,CREDIT,4217.34,EUR,INVESTMENT_RETURN,Investment Return,99450.55,REF144412730,BR216,ATM
D7BD5D97,1,DE59795655681688929171,2024-01-01 10:11:52,CREDIT,8001.06,EUR,TRANSFER_IN,TRANSFER FROM ACCOUNT ***7641,54526.68,REF828906148,BR765,ATM
802F5FE2,1,DE25202102007876909711,2024-01-03 22:46:00,CREDIT,24258.76,EUR,DIVIDEND,Dividend,64051.34,REF575125928,BR314,ONLINE
FF99E9BE,3,GB84CPBK83157663644901,2024-01-07 05:35:32,DEBIT,2123.57,GBP,PURCHASE,Netflix - PURCHASE,66871.16,REF266307494,BR700,PHONE
4740201E,1,FR221450592469WBR7LN4EXX269,2024-01-10 08:07:38,CREDIT,1819.62,EUR,GIFT,Gift,93363.34,REF115620639,BR617,ATM
D52F1670,3,GB84CPBK83157663644901,2024-01-10 03:13:38,CREDIT,3186.98,GBP,FREELANCE,Freelance,54844.95,REF582143358,BR391,PHONE
4FD46CB4,1,DE59795655681688929171,2024-01-01 06:38:47,DEBIT,9030.59,EUR,PURCHASE,Walmart - PURCHASE,30080.37,REF481427068,BR564,ATM
7D4A84A5,1,DE79741514506827135679,2024-01-10 16:37:32,CREDIT,10105.18,EUR,DEPOSIT,Deposit,1210.14,REF694336933,BR296,ONLINE
0E848758,3,GB84CPBK83157663644901,2024-01-08 18:34:01,CREDIT,2866.19,GBP,DIVIDEND,Dividend,47123.99,REF301553448,BR179,ATM
505CB9CD,3,GB84CPBK83157663644901,2024-01-06 22:37:38,CREDIT,11937.66,GBP,TRANSFER_IN,TRANSFER FROM ACCOUNT ***6075,32316.55,REF445395874,BR945,MOBILE
85C63173,1,DE25202102007876909711,2024-01-10 08:33:29,CREDIT,1842.79,EUR,BONUS,Bonus,57954.13,REF699727446,BR122,ATM
5DE61862,4,GB51CITI43028554568398,2024-01-07 02:30:23,CREDIT,16980.25,GBP,SALARY,SALARY DEPOSIT - COMPANY B,71079.25,REF386791342,BR179,ATM
113013E7,1,DE25202102007876909711,2024-01-07 00:41:09,DEBIT,20593.06,EUR,UTILITIES,Utilities,69454.52,REF416823376,BR582,PHONE
A8CA90F4,4,GB51CITI43028554568398,2024-01-06 14:04:36,DEBIT,8514.09,GBP,ONLINE_PURCHASE,Apple - ONLINE_PURCHASE,42857.25,REF708090614,BR852,MOBILE
545F009E,1,DE79741514506827135679,2024-01-06 17:14:34,DEBIT,41749.4,EUR,PURCHASE,Google - PURCHASE,9035.45,REF435018825,BR704,ONLINE
9421C0E4,3,DE13870962145025555422,2024-01-06 05:33:47,CREDIT,2774.43,EUR,BONUS,Bonus,27073.78,REF883206050,BR528,ONLINE
9E2E0BCB,3,DE13870962145025555422,2024-01-03 19:10:36,DEBIT,1105.04,EUR,TRANSFER_OUT,TRANSFER TO ACCOUNT ***8940,87757.09,REF618611730,BR616,BRANCH
AD4EE8E0,1,DE79741514506827135679,2024-01-01 21:46:48,DEBIT,4095.65,EUR,RENT,Rent,23193.82,REF853727248,BR845,PHONE
6EA5C06C,3,GB84CPBK83157663644901,2024-01-03 15:22:33,DEBIT,6276.11,GBP,UTILITIES,Utilities,17199.37,REF935560834,BR269,ATM
4052B84F,3,DE13870962145025555422,2024-01-07 23:08:20,CREDIT,39649.14,EUR,GIFT,Gift,93177.2,REF515753471,BR712,MOBILE
30A07314,4,GB51CITI43028554568398,2024-01-09 23:13:25,CREDIT,3988.62,GBP,DEPOSIT,Deposit,30233.59,REF630423077,BR485,ATM
45B0201F,4,DE08870000009130446806,2024-01-04 23:03:06,DEBIT,22252.61,EUR,INSURANCE,Insurance,16626.95,REF378134260,BR808,MOBILE
A9F4E8F6,1,DE25202102007876909711,2024-01-04 17:07:25,DEBIT,831.22,EUR,RENT,Rent,38040.48,REF870099689,BR681,ATM
D1C5A02B,1,DE25202102007876909711,2024-01-09 02:24:37,CREDIT,1599.36,EUR,DIVIDEND,Dividend,47545.48,REF713081722,BR244,PHONE
3A659732,3,GB84CPBK83157663644901,2024-01-02 06:06:19,DEBIT,3015.51,GBP,ATM_WITHDRAWAL,ATM WITHDRAWAL - BRANCH,81749.16,REF467043276,BR126,MOBILE
C4BBACEA,1,DE79741514506827135679,2024-01-08 22:13:00,DEBIT,13010.93,EUR,UTILITIES,Utilities,66944.95,REF215294465,BR235,PHONE
B05F569B,4,DE08870000009130446806,2024-01-05 06:21:52,CREDIT,10660.58,EUR,BONUS,Bonus,44759.61,REF510073863,BR989,MOBILE
4C453CE7,4,DE08870000009130446806,2024-01-10 00:32:34,CREDIT,8701.27,EUR,INTEREST,INTEREST CREDIT,76702.83,REF124867315,BR363,PHONE
A90720CA,4,GB51CITI43028554568398,2024-01-10 18:58:00,DEBIT,21101.97,GBP,ATM_WITHDRAWAL,ATM WITHDRAWAL - BRANCH,83782.27,REF473116212,BR183,ATM
86A78D5E,1,DE25202102007876909711,2024-01-03 15:17:17,DEBIT,2757.26,EUR,INSURANCE,Insurance,15319.86,REF315818906,BR667,ATM
B16814D4,1,DE59795655681688929171,2024-01-05 15:24:36,CREDIT,4011.46,EUR,INVESTMENT_RETURN,Investment Return,65956.02,REF526999322,BR944,PHONE
F4117834,1,FR221450592469WBR7LN4EXX269,2024-01-05 09:48:38,DEBIT,4129.44,EUR,RESTAURANT,Restaurant,84947.23,REF289102644,BR519,ONLINE
CED6453E,1,DE59795655681688929171,2024-01-04 07:20:21,DEBIT,20655.23,EUR,TRANSFER_OUT,TRANSFER TO ACCOUNT ***2869,71019.6,REF319818301,BR861,BRANCH
180A0865,4,GB51CITI43028554568398,2024-01-10 05:30:24,CREDIT,2291.17,GBP,INTEREST,INTEREST CREDIT,96586.84,REF927451183,BR852,BRANCH
AC226D2C,4,GB51CITI43028554568398,2024-01-08 05:32:58,CREDIT,5138.97,GBP,FREELANCE,Freelance,38210.61,REF363160221,BR867,ONLINE
0B9D2B37,2,FR471450594397YBLERHKUZ7Y02,2024-01-05 01:34:48,DEBIT,10008.82,EUR,MEDICAL,Medical,64118.9,REF535918046,BR101,PHONE
3BA7A9AB,1,DE79741514506827135679,2024-01-09 05:36:24,DEBIT,4253.38,EUR,RENT,Rent,27390.42,REF559892031,BR911,ONLINE
D6A58CF4,4,DE08870000009130446806,2024-01-03 03:58:36,DEBIT,2816.83,EUR,SUBSCRIPTION,Subscription,55974.76,REF244305898,BR417,MOBILE
D709EB0C,3,DE13870962145025555422,2024-01-06 15:12:05,DEBIT,1379.04,EUR,RENT,Rent,34119.58,REF118635914,BR423,BRANCH
81804CDD,1,DE59795655681688929171,2024-01-02 15:09:59,CREDIT,2176.6,EUR,DEPOSIT,Deposit,89460.78,REF451144196,BR929,ONLINE
C249DEAA,3,DE13870962145025555422,2024-01-05 04:18:28,CREDIT,34385.18,EUR,REFUND,Refund,27778.33,REF313096747,BR774,BRANCH
84F91B03,1,FR221450592469WBR7LN4EXX269,2024-01-09 19:48:26,DEBIT,2084.17,EUR,TRANSFER_OUT,TRANSFER TO ACCOUNT ***2485,35721.83,REF575820330,BR469,ONLINE
97249455,4,GB51CITI43028554568398,2024-01-01 04:28:00,CREDIT,25433.89,GBP,INTEREST,INTEREST CREDIT,84236.9,REF966704709,BR849,ONLINE
26E5E556,4,GB51CITI43028554568398,2024-01-07 14:48:34,DEBIT,3402.06,GBP,ATM_WITHDRAWAL,ATM WITHDRAWAL - STREET,13702.98,REF885927313,BR532,ATM
6E0AB5D8,1,FR221450592469WBR7LN4EXX269,2024-01-07 02:54:42,DEBIT,1077.31,EUR,BILL_PAYMENT,Bill Payment,52889.69,REF638683161,BR813,ONLINE
6540EFE8,1,FR221450592469WBR7LN4EXX269,2024-01-02 07:29:54,CREDIT,1107.2,EUR,FREELANCE,Freelance,42425.82,REF381793015,BR233,MOBILE
B71321BA,3,DE13870962145025555422,2024-01-07 11:35:12,DEBIT,11816.49,EUR,MEDICAL,Medical,61457.29,REF884587803,BR713,BRANCH
BEE63FC7,4,GB51CITI43028554568398,2024-01-01 21:28:31,CREDIT,5260.72,GBP,SALARY,SALARY DEPOSIT - COMPANY B,31821.9,REF356518079,BR647,ONLINE
0EE12AF1,3,DE13870962145025555422,2024-01-05 06:15:30,CREDIT,10196.85,EUR,INTEREST,INTEREST CREDIT,79295.5,REF653206044,BR377,BRANCH
EEAABBC9,4,DE08870000009130446806,2024-01-07 02:27:29,DEBIT,39864.13,EUR,RENT,Rent,16976.13,REF655647493,BR518,PHONE
3EF2B024,3,GB84CPBK83157663644901,2024-01-01 07:48:30,CREDIT,31883.58,GBP,GIFT,Gift,61610.79,REF574791149,BR109,MOBILE
CA1054BE,4,GB51CITI43028554568398,2024-01-02 18:21:53,DEBIT,11466.71,GBP,INSURANCE,Insurance,81946.17,REF575693897,BR161,ONLINE
86589D76,4,GB51CITI43028554568398,2024-01-10 05:35:54,CREDIT,9046.79,GBP,DEPOSIT,Deposit,29715.66,REF312109347,BR926,BRANCH
D2BC58FF,1,DE79741514506827135679,2024-01-06 11:08:34,DEBIT,1063.58,EUR,PURCHASE,Mastercard - PURCHASE,48872.73,REF568660981,BR626,BRANCH
7F49B891,3,DE06546700950979859803,2024-01-06 13:45:41,CREDIT,4569.52,EUR,DIVIDEND,Dividend,18603.63,REF830904201,BR828,PHONE
646F3D01,3,DE13870962145025555422,2024-01-10 07:43:45,DEBIT,741.24,EUR,RENT,Rent,12865.75,REF292458268,BR813,ATM
D4F48F20,1,FR221450592469WBR7LN4EXX269,2024-01-10 14:18:27,CREDIT,22174.24,EUR,GIFT,Gift,95408.36,REF732426614,BR586,ATM
141C8291,3,DE06546700950979859803,2024-01-07 14:15:43,CREDIT,26000.49,EUR,TRANSFER_IN,TRANSFER FROM ACCOUNT ***8044,23365.5,REF277466659,BR319,ONLINE
452FC430,4,DE08870000009130446806,2024-01-04 19:58:38,DEBIT,1214.17,EUR,UTILITIES,Utilities,77425.44,REF104977858,BR819,MOBILE
639DF815,1,FR221450592469WBR7LN4EXX269,2024-01-02 06:07:03,CREDIT,2103.16,EUR,TRANSFER_IN,TRANSFER FROM ACCOUNT ***4512,83702.02,REF530226051,BR614,BRANCH
360AD994,1,DE59795655681688929171,2024-01-10 03:20:01,CREDIT,14974.16,EUR,DEPOSIT,Deposit,83149.66,REF606630840,BR543,PHONE
03DED449,1,DE59795655681688929171,2024-01-02 01:31:46,CREDIT,49.69,EUR,GIFT,Gift,37834.91,REF316283490,BR649,ATM
C46859E6,2,FR471450594397YBLERHKUZ7Y02,2024-01-05 17:29:56,DEBIT,2637.36,EUR,LOAN_PAYMENT,Loan Payment,63440.61,REF110368677,BR454,ONLINE
98818D16,4,DE08870000009130446806,2024-01-08 12:11:25,DEBIT,282.42,EUR,UTILITIES,Utilities,30302.43,REF397998292,BR690,PHONE
898BBA1E,1,FR221450592469WBR7LN4EXX269,2024-01-06 16:44:38,DEBIT,839.44,EUR,BILL_PAYMENT,Bill Payment,9472.29,REF241900337,BR401,ATM
DD94269F,4,GB51CITI43028554568398,2024-01-03 02:48:52,DEBIT,3176.71,GBP,ONLINE_PURCHASE,Exxon - ONLINE_PURCHASE,67976.15,REF458207527,BR541,MOBILE
434B90BA,1,DE79741514506827135679,2024-01-09 18:45:38,DEBIT,6848.06,EUR,GROCERY,Grocery,37949.51,REF275986600,BR605,PHONE
31426125,1,DE79741514506827135679,2024-01-09 01:04:42,CREDIT,2325.16,EUR,INTEREST,INTEREST CREDIT,52319.31,REF516608664,BR577,BRANCH
F76D55B7,3,DE13870962145025555422,2024-01-08 22:22:48,DEBIT,1502.3,EUR,SUBSCRIPTION,Subscription,47187.9,REF388750254,BR851,PHONE
F9614335,3,DE13870962145025555422,2024-01-08 01:19:34,DEBIT,21472.28,EUR,ATM_WITHDRAWAL,ATM WITHDRAWAL - STREET,25922.22,REF185960971,BR706,ATM
804E85DB,3,DE06546700950979859803,2024-01-08 11:31:52,CREDIT,18329.2,EUR,REFUND,Refund,23669.56,REF708535149,BR740,PHONE
38EFCFB9,3,GB84CPBK83157663644901,2024-01-10 23:44:41,DEBIT,6439.67,GBP,ATM_WITHDRAWAL,ATM WITHDRAWAL - MALL,80128.67,REF734920155,BR564,MOBILE
2CF0D059,4,GB51CITI43028554568398,2024-01-01 15:28:54,CREDIT,29060.49,GBP,DEPOSIT,Deposit,96251.84,REF383758921,BR182,ONLINE
31EB300D,1,FR221450592469WBR7LN4EXX269,2024-01-09 00:30:13,CREDIT,38385.72,EUR,INVESTMENT_RETURN,Investment Return,55605.24,REF955307861,BR536,PHONE
15713062,2,FR471450594397YBLERHKUZ7Y02,2024-01-03 15:52:29,CREDIT,18807.42,EUR,DIVIDEND,Dividend,68514.93,REF913188851,BR618,BRANCH
E6F9BD59,1,FR221450592469WBR7LN4EXX269,2024-01-04 01:49:52,DEBIT,3396.14,EUR,FUEL,Fuel,55661.32,REF489837541,BR347,BRANCH
FF2791B4,4,GB51CITI43028554568398,2024-01-09 23:52:04,DEBIT,18650.12,GBP,FUEL,Fuel,45636.62,REF552977361,BR329,ATM
FDF2F5DB,3,DE06546700950979859803,2024-01-01 14:55:13,DEBIT,8576.68,EUR,TRANSFER_OUT,TRANSFER TO ACCOUNT ***8912,58035.47,REF758899679,BR951,MOBILE
905F13A1,3,DE06546700950979859803,2024-01-06 14:52:18,DEBIT,4824.86,EUR,LOAN_PAYMENT,Loan Payment,79358.55,REF904760826,BR762,BRANCH
B2288491,3,GB84CPBK83157663644901,2024-01-06 14:33:19,DEBIT,19240.84,GBP,BILL_PAYMENT,Bill Payment,89537.44,REF500410361,BR699,MOBILE
4419895F,1,DE25202102007876909711,2024-01-05 08:56:00,DEBIT,349.69,EUR,ATM_WITHDRAWAL,ATM WITHDRAWAL - MALL,9445.62,REF397908986,BR445,PHONE
24E7DC1E,3,DE06546700950979859803,2024-01-05 00:03:13,CREDIT,15409.62,EUR,TRANSFER_IN,TRANSFER FROM ACCOUNT ***1665,81633.56,REF965397565,BR656,ONLINE
C020F4E4,1,FR221450592469WBR7LN4EXX269,2024-01-08 18:36:35,DEBIT,1874.34,EUR,UTILITIES,Utilities,14816.24,REF312419845,BR829,PHONE
